split,image_id,method,method_label,perturbation,clean_object_f1,object_f1,absolute_object_f1_drop,relative_object_f1_drop,clean_precision,precision,precision_drop,clean_recall,recall,recall_drop,clean_absolute_count_error,absolute_count_error,absolute_count_error_delta,true_instances,pred_instances,false_positives,false_negatives
stage1_train_clean20_subset,00071198d059ba7f5914a526d124d28e6d010c92466da21d4a04cd5413362552,otsu_watershed,Otsu + watershed,clean,0.6667,0.6667,0.0,0.0,0.7083,0.7083,0.0,0.6296,0.6296,0.0,3,3,0,27,24,7,10
stage1_train_clean20_subset,00071198d059ba7f5914a526d124d28e6d010c92466da21d4a04cd5413362552,otsu_watershed,Otsu + watershed,gaussian_noise,0.6667,0.5185,0.1481,0.2222,0.7083,0.5185,0.1898,0.6296,0.5185,0.1111,3,0,-3,27,27,13,13
stage1_train_clean20_subset,00071198d059ba7f5914a526d124d28e6d010c92466da21d4a04cd5413362552,otsu_watershed,Otsu + watershed,poisson_noise,0.6667,0.7059,-0.0392,-0.0588,0.7083,0.75,-0.0417,0.6296,0.6667,-0.037,3,3,0,27,24,6,9
stage1_train_clean20_subset,00071198d059ba7f5914a526d124d28e6d010c92466da21d4a04cd5413362552,otsu_watershed,Otsu + watershed,gaussian_blur,0.6667,0.7347,-0.068,-0.102,0.7083,0.8182,-0.1098,0.6296,0.6667,-0.037,3,5,2,27,22,4,9
stage1_train_clean20_subset,00071198d059ba7f5914a526d124d28e6d010c92466da21d4a04cd5413362552,otsu_watershed,Otsu + watershed,downsample_upsample,0.6667,0.72,-0.0533,-0.08,0.7083,0.7826,-0.0743,0.6296,0.6667,-0.037,3,4,1,27,23,5,9
stage1_train_clean20_subset,00071198d059ba7f5914a526d124d28e6d010c92466da21d4a04cd5413362552,otsu_watershed,Otsu + watershed,intensity_scale,0.6667,0.6667,0.0,0.0,0.7083,0.7083,0.0,0.6296,0.6296,0.0,3,3,0,27,24,7,10
stage1_train_clean20_subset,00071198d059ba7f5914a526d124d28e6d010c92466da21d4a04cd5413362552,otsu_watershed,Otsu + watershed,contrast_inversion,0.6667,0.7347,-0.068,-0.102,0.7083,0.8182,-0.1098,0.6296,0.6667,-0.037,3,5,2,27,22,4,9
stage1_train_clean20_subset,0c6507d493bf79b2ba248c5cca3d14df8b67328b89efa5f4a32f97a06a88c92c,otsu_watershed,Otsu + watershed,clean,0.8727,0.8727,0.0,0.0,0.8889,0.8889,0.0,0.8571,0.8571,0.0,1,1,0,28,27,3,4
stage1_train_clean20_subset,0c6507d493bf79b2ba248c5cca3d14df8b67328b89efa5f4a32f97a06a88c92c,otsu_watershed,Otsu + watershed,gaussian_noise,0.8727,0.8571,0.0156,0.0179,0.8889,0.8571,0.0317,0.8571,0.8571,0.0,1,0,-1,28,28,4,4
stage1_train_clean20_subset,0c6507d493bf79b2ba248c5cca3d14df8b67328b89efa5f4a32f97a06a88c92c,otsu_watershed,Otsu + watershed,poisson_noise,0.8727,0.807,0.0657,0.0753,0.8889,0.7931,0.0958,0.8571,0.8214,0.0357,1,1,0,28,29,6,5
stage1_train_clean20_subset,0c6507d493bf79b2ba248c5cca3d14df8b67328b89efa5f4a32f97a06a88c92c,otsu_watershed,Otsu + watershed,gaussian_blur,0.8727,0.8214,0.0513,0.0588,0.8889,0.8214,0.0675,0.8571,0.8214,0.0357,1,0,-1,28,28,5,5
stage1_train_clean20_subset,0c6507d493bf79b2ba248c5cca3d14df8b67328b89efa5f4a32f97a06a88c92c,otsu_watershed,Otsu + watershed,downsample_upsample,0.8727,0.9259,-0.0532,-0.061,0.8889,0.9615,-0.0726,0.8571,0.8929,-0.0357,1,2,1,28,26,1,3
stage1_train_clean20_subset,0c6507d493bf79b2ba248c5cca3d14df8b67328b89efa5f4a32f97a06a88c92c,otsu_watershed,Otsu + watershed,intensity_scale,0.8727,0.8727,0.0,0.0,0.8889,0.8889,0.0,0.8571,0.8571,0.0,1,1,0,28,27,3,4
stage1_train_clean20_subset,0c6507d493bf79b2ba248c5cca3d14df8b67328b89efa5f4a32f97a06a88c92c,otsu_watershed,Otsu + watershed,contrast_inversion,0.8727,0.8727,0.0,0.0,0.8889,0.8889,0.0,0.8571,0.8571,0.0,1,1,0,28,27,3,4
stage1_train_clean20_subset,1b518cd2ea84a389c267662840f3d902d0129fab27696215db2488de6d4316c5,otsu_watershed,Otsu + watershed,clean,0.3268,0.3268,0.0,0.0,0.232,0.232,0.0,0.5526,0.5526,0.0,105,105,0,76,181,139,34
stage1_train_clean20_subset,1b518cd2ea84a389c267662840f3d902d0129fab27696215db2488de6d4316c5,otsu_watershed,Otsu + watershed,gaussian_noise,0.3268,0.2094,0.1175,0.3594,0.232,0.1443,0.0878,0.5526,0.3816,0.1711,105,125,20,76,201,172,47
stage1_train_clean20_subset,1b518cd2ea84a389c267662840f3d902d0129fab27696215db2488de6d4316c5,otsu_watershed,Otsu + watershed,poisson_noise,0.3268,0.2288,0.0981,0.3,0.232,0.159,0.0731,0.5526,0.4079,0.1447,105,119,14,76,195,164,45
stage1_train_clean20_subset,1b518cd2ea84a389c267662840f3d902d0129fab27696215db2488de6d4316c5,otsu_watershed,Otsu + watershed,gaussian_blur,0.3268,0.366,-0.0391,-0.1197,0.232,0.2704,-0.0384,0.5526,0.5658,-0.0132,105,83,-22,76,159,116,33
stage1_train_clean20_subset,1b518cd2ea84a389c267662840f3d902d0129fab27696215db2488de6d4316c5,otsu_watershed,Otsu + watershed,downsample_upsample,0.3268,0.3607,-0.0338,-0.1034,0.232,0.2619,-0.0299,0.5526,0.5789,-0.0263,105,92,-13,76,168,124,32
stage1_train_clean20_subset,1b518cd2ea84a389c267662840f3d902d0129fab27696215db2488de6d4316c5,otsu_watershed,Otsu + watershed,intensity_scale,0.3268,0.3268,0.0,0.0,0.232,0.232,0.0,0.5526,0.5526,0.0,105,105,0,76,181,139,34
stage1_train_clean20_subset,1b518cd2ea84a389c267662840f3d902d0129fab27696215db2488de6d4316c5,otsu_watershed,Otsu + watershed,contrast_inversion,0.3268,0.312,0.0148,0.0454,0.232,0.2241,0.0079,0.5526,0.5132,0.0395,105,98,-7,76,174,135,37
stage1_train_clean20_subset,2817299fd3b88670e86a9db5651ba24333c299d1d41e5491aabfcd95aee84174,otsu_watershed,Otsu + watershed,clean,0.8,0.8,0.0,0.0,0.7368,0.7368,0.0,0.875,0.875,0.0,3,3,0,16,19,5,2
stage1_train_clean20_subset,2817299fd3b88670e86a9db5651ba24333c299d1d41e5491aabfcd95aee84174,otsu_watershed,Otsu + watershed,gaussian_noise,0.8,0.875,-0.075,-0.0938,0.7368,0.875,-0.1382,0.875,0.875,0.0,3,0,-3,16,16,2,2
stage1_train_clean20_subset,2817299fd3b88670e86a9db5651ba24333c299d1d41e5491aabfcd95aee84174,otsu_watershed,Otsu + watershed,poisson_noise,0.8,0.6667,0.1333,0.1667,0.7368,0.6,0.1368,0.875,0.75,0.125,3,4,1,16,20,8,4
stage1_train_clean20_subset,2817299fd3b88670e86a9db5651ba24333c299d1d41e5491aabfcd95aee84174,otsu_watershed,Otsu + watershed,gaussian_blur,0.8,0.8333,-0.0333,-0.0417,0.7368,0.75,-0.0132,0.875,0.9375,-0.0625,3,4,1,16,20,5,1
stage1_train_clean20_subset,2817299fd3b88670e86a9db5651ba24333c299d1d41e5491aabfcd95aee84174,otsu_watershed,Otsu + watershed,downsample_upsample,0.8,0.9091,-0.1091,-0.1364,0.7368,0.8824,-0.1455,0.875,0.9375,-0.0625,3,1,-2,16,17,2,1
stage1_train_clean20_subset,2817299fd3b88670e86a9db5651ba24333c299d1d41e5491aabfcd95aee84174,otsu_watershed,Otsu + watershed,intensity_scale,0.8,0.8,0.0,0.0,0.7368,0.7368,0.0,0.875,0.875,0.0,3,3,0,16,19,5,2
stage1_train_clean20_subset,2817299fd3b88670e86a9db5651ba24333c299d1d41e5491aabfcd95aee84174,otsu_watershed,Otsu + watershed,contrast_inversion,0.8,0.8,0.0,0.0,0.7368,0.7368,0.0,0.875,0.875,0.0,3,3,0,16,19,5,2
stage1_train_clean20_subset,33a5b0ff232b425796ee6a9dd5b516ff9aad54ca723b4ec490bf5cd9b2e2a731,otsu_watershed,Otsu + watershed,clean,0.381,0.381,0.0,0.0,0.3,0.3,0.0,0.5217,0.5217,0.0,17,17,0,23,40,28,11
stage1_train_clean20_subset,33a5b0ff232b425796ee6a9dd5b516ff9aad54ca723b4ec490bf5cd9b2e2a731,otsu_watershed,Otsu + watershed,gaussian_noise,0.381,0.1928,0.1882,0.494,0.3,0.1333,0.1667,0.5217,0.3478,0.1739,17,37,20,23,60,52,15
stage1_train_clean20_subset,33a5b0ff232b425796ee6a9dd5b516ff9aad54ca723b4ec490bf5cd9b2e2a731,otsu_watershed,Otsu + watershed,poisson_noise,0.381,0.1684,0.2125,0.5579,0.3,0.1111,0.1889,0.5217,0.3478,0.1739,17,49,32,23,72,64,15
stage1_train_clean20_subset,33a5b0ff232b425796ee6a9dd5b516ff9aad54ca723b4ec490bf5cd9b2e2a731,otsu_watershed,Otsu + watershed,gaussian_blur,0.381,0.2703,0.1107,0.2905,0.3,0.1961,0.1039,0.5217,0.4348,0.087,17,28,11,23,51,41,13
stage1_train_clean20_subset,33a5b0ff232b425796ee6a9dd5b516ff9aad54ca723b4ec490bf5cd9b2e2a731,otsu_watershed,Otsu + watershed,downsample_upsample,0.381,0.2778,0.1032,0.2708,0.3,0.2041,0.0959,0.5217,0.4348,0.087,17,26,9,23,49,39,13
stage1_train_clean20_subset,33a5b0ff232b425796ee6a9dd5b516ff9aad54ca723b4ec490bf5cd9b2e2a731,otsu_watershed,Otsu + watershed,intensity_scale,0.381,0.381,0.0,0.0,0.3,0.3,0.0,0.5217,0.5217,0.0,17,17,0,23,40,28,11
stage1_train_clean20_subset,33a5b0ff232b425796ee6a9dd5b516ff9aad54ca723b4ec490bf5cd9b2e2a731,otsu_watershed,Otsu + watershed,contrast_inversion,0.381,0.3438,0.0372,0.0977,0.3,0.2683,0.0317,0.5217,0.4783,0.0435,17,18,1,23,41,30,12
stage1_train_clean20_subset,4193474b2f1c72f735b13633b219d9cabdd43c21d9c2bb4dfc4809f104ba4c06,otsu_watershed,Otsu + watershed,clean,0.0,0.0,0.0,,0.0,0.0,0.0,0.0,0.0,0.0,75,75,0,12,87,87,12
stage1_train_clean20_subset,4193474b2f1c72f735b13633b219d9cabdd43c21d9c2bb4dfc4809f104ba4c06,otsu_watershed,Otsu + watershed,gaussian_noise,0.0,0.0,0.0,,0.0,0.0,0.0,0.0,0.0,0.0,75,86,11,12,98,98,12
stage1_train_clean20_subset,4193474b2f1c72f735b13633b219d9cabdd43c21d9c2bb4dfc4809f104ba4c06,otsu_watershed,Otsu + watershed,poisson_noise,0.0,0.0,0.0,,0.0,0.0,0.0,0.0,0.0,0.0,75,103,28,12,115,115,12
stage1_train_clean20_subset,4193474b2f1c72f735b13633b219d9cabdd43c21d9c2bb4dfc4809f104ba4c06,otsu_watershed,Otsu + watershed,gaussian_blur,0.0,0.0,0.0,,0.0,0.0,0.0,0.0,0.0,0.0,75,69,-6,12,81,81,12
stage1_train_clean20_subset,4193474b2f1c72f735b13633b219d9cabdd43c21d9c2bb4dfc4809f104ba4c06,otsu_watershed,Otsu + watershed,downsample_upsample,0.0,0.0,0.0,,0.0,0.0,0.0,0.0,0.0,0.0,75,75,0,12,87,87,12
stage1_train_clean20_subset,4193474b2f1c72f735b13633b219d9cabdd43c21d9c2bb4dfc4809f104ba4c06,otsu_watershed,Otsu + watershed,intensity_scale,0.0,0.0,0.0,,0.0,0.0,0.0,0.0,0.0,0.0,75,75,0,12,87,87,12
stage1_train_clean20_subset,4193474b2f1c72f735b13633b219d9cabdd43c21d9c2bb4dfc4809f104ba4c06,otsu_watershed,Otsu + watershed,contrast_inversion,0.0,0.0,0.0,,0.0,0.0,0.0,0.0,0.0,0.0,75,81,6,12,93,93,12
stage1_train_clean20_subset,4e07a653352b30bb95b60ebc6c57afbc7215716224af731c51ff8d430788cd40,otsu_watershed,Otsu + watershed,clean,0.0552,0.0552,0.0,0.0,0.033,0.033,0.0,0.1691,0.1691,0.0,562,562,0,136,698,675,113
stage1_train_clean20_subset,4e07a653352b30bb95b60ebc6c57afbc7215716224af731c51ff8d430788cd40,otsu_watershed,Otsu + watershed,gaussian_noise,0.0552,0.053,0.0022,0.0394,0.033,0.0312,0.0018,0.1691,0.1765,-0.0074,562,634,72,136,770,746,112
stage1_train_clean20_subset,4e07a653352b30bb95b60ebc6c57afbc7215716224af731c51ff8d430788cd40,otsu_watershed,Otsu + watershed,poisson_noise,0.0552,0.066,-0.0108,-0.1958,0.033,0.0386,-0.0056,0.1691,0.2279,-0.0588,562,668,106,136,804,773,105
stage1_train_clean20_subset,4e07a653352b30bb95b60ebc6c57afbc7215716224af731c51ff8d430788cd40,otsu_watershed,Otsu + watershed,gaussian_blur,0.0552,0.0317,0.0235,0.4261,0.033,0.0197,0.0133,0.1691,0.0809,0.0882,562,423,-139,136,559,548,125
stage1_train_clean20_subset,4e07a653352b30bb95b60ebc6c57afbc7215716224af731c51ff8d430788cd40,otsu_watershed,Otsu + watershed,downsample_upsample,0.0552,0.032,0.0232,0.4206,0.033,0.0195,0.0134,0.1691,0.0882,0.0809,562,479,-83,136,615,603,124
stage1_train_clean20_subset,4e07a653352b30bb95b60ebc6c57afbc7215716224af731c51ff8d430788cd40,otsu_watershed,Otsu + watershed,intensity_scale,0.0552,0.0552,0.0,0.0,0.033,0.033,0.0,0.1691,0.1691,0.0,562,562,0,136,698,675,113
stage1_train_clean20_subset,4e07a653352b30bb95b60ebc6c57afbc7215716224af731c51ff8d430788cd40,otsu_watershed,Otsu + watershed,contrast_inversion,0.0552,0.0482,0.007,0.1267,0.033,0.0285,0.0044,0.1691,0.1544,0.0147,562,600,38,136,736,715,115
stage1_train_clean20_subset,5afcbfd0dd64392aa1e233b996d0bfb4354ee7119f30ae111c33d0fe4df11590,otsu_watershed,Otsu + watershed,clean,0.3556,0.3556,0.0,0.0,0.254,0.254,0.0,0.5926,0.5926,0.0,36,36,0,27,63,47,11
stage1_train_clean20_subset,5afcbfd0dd64392aa1e233b996d0bfb4354ee7119f30ae111c33d0fe4df11590,otsu_watershed,Otsu + watershed,gaussian_noise,0.3556,0.1194,0.2362,0.6642,0.254,0.0748,0.1792,0.5926,0.2963,0.2963,36,80,44,27,107,99,19
stage1_train_clean20_subset,5afcbfd0dd64392aa1e233b996d0bfb4354ee7119f30ae111c33d0fe4df11590,otsu_watershed,Otsu + watershed,poisson_noise,0.3556,0.2727,0.0828,0.233,0.254,0.1807,0.0732,0.5926,0.5556,0.037,36,56,20,27,83,68,12
stage1_train_clean20_subset,5afcbfd0dd64392aa1e233b996d0bfb4354ee7119f30ae111c33d0fe4df11590,otsu_watershed,Otsu + watershed,gaussian_blur,0.3556,0.4419,-0.0863,-0.2427,0.254,0.322,-0.0681,0.5926,0.7037,-0.1111,36,32,-4,27,59,40,8
stage1_train_clean20_subset,5afcbfd0dd64392aa1e233b996d0bfb4354ee7119f30ae111c33d0fe4df11590,otsu_watershed,Otsu + watershed,downsample_upsample,0.3556,0.4286,-0.073,-0.2054,0.254,0.3158,-0.0618,0.5926,0.6667,-0.0741,36,30,-6,27,57,39,9
stage1_train_clean20_subset,5afcbfd0dd64392aa1e233b996d0bfb4354ee7119f30ae111c33d0fe4df11590,otsu_watershed,Otsu + watershed,intensity_scale,0.3556,0.3556,0.0,0.0,0.254,0.254,0.0,0.5926,0.5926,0.0,36,36,0,27,63,47,11
stage1_train_clean20_subset,5afcbfd0dd64392aa1e233b996d0bfb4354ee7119f30ae111c33d0fe4df11590,otsu_watershed,Otsu + watershed,contrast_inversion,0.3556,0.4828,-0.1272,-0.3578,0.254,0.35,-0.096,0.5926,0.7778,-0.1852,36,33,-3,27,60,39,6
stage1_train_clean20_subset,66612c188d73e931e1863af2c99d2af782c32f65fd97d224abb40bbadb87263f,otsu_watershed,Otsu + watershed,clean,0.9286,0.9286,0.0,0.0,1.0,1.0,0.0,0.8667,0.8667,0.0,2,2,0,15,13,0,2
stage1_train_clean20_subset,66612c188d73e931e1863af2c99d2af782c32f65fd97d224abb40bbadb87263f,otsu_watershed,Otsu + watershed,gaussian_noise,0.9286,0.8,0.1286,0.1385,1.0,0.8,0.2,0.8667,0.8,0.0667,2,0,-2,15,15,3,3
stage1_train_clean20_subset,66612c188d73e931e1863af2c99d2af782c32f65fd97d224abb40bbadb87263f,otsu_watershed,Otsu + watershed,poisson_noise,0.9286,0.75,0.1786,0.1923,1.0,0.7059,0.2941,0.8667,0.8,0.0667,2,2,0,15,17,5,3
stage1_train_clean20_subset,66612c188d73e931e1863af2c99d2af782c32f65fd97d224abb40bbadb87263f,otsu_watershed,Otsu + watershed,gaussian_blur,0.9286,0.9655,-0.0369,-0.0398,1.0,1.0,0.0,0.8667,0.9333,-0.0667,2,1,-1,15,14,0,1
stage1_train_clean20_subset,66612c188d73e931e1863af2c99d2af782c32f65fd97d224abb40bbadb87263f,otsu_watershed,Otsu + watershed,downsample_upsample,0.9286,0.9655,-0.0369,-0.0398,1.0,1.0,0.0,0.8667,0.9333,-0.0667,2,1,-1,15,14,0,1
stage1_train_clean20_subset,66612c188d73e931e1863af2c99d2af782c32f65fd97d224abb40bbadb87263f,otsu_watershed,Otsu + watershed,intensity_scale,0.9286,0.9286,0.0,0.0,1.0,1.0,0.0,0.8667,0.8667,0.0,2,2,0,15,13,0,2
stage1_train_clean20_subset,66612c188d73e931e1863af2c99d2af782c32f65fd97d224abb40bbadb87263f,otsu_watershed,Otsu + watershed,contrast_inversion,0.9286,0.9286,0.0,0.0,1.0,1.0,0.0,0.8667,0.8667,0.0,2,2,0,15,13,0,2
stage1_train_clean20_subset,76c44d1addac92a65f1331f2d93f4e3b130bd4e538a6e5239c3ac1f4c403608a,otsu_watershed,Otsu + watershed,clean,0.9714,0.9714,0.0,0.0,0.9714,0.9714,0.0,0.9714,0.9714,0.0,0,0,0,35,35,1,1
stage1_train_clean20_subset,76c44d1addac92a65f1331f2d93f4e3b130bd4e538a6e5239c3ac1f4c403608a,otsu_watershed,Otsu + watershed,gaussian_noise,0.9714,0.9859,-0.0145,-0.0149,0.9714,0.9722,-0.0008,0.9714,1.0,-0.0286,0,1,1,35,36,1,0
stage1_train_clean20_subset,76c44d1addac92a65f1331f2d93f4e3b130bd4e538a6e5239c3ac1f4c403608a,otsu_watershed,Otsu + watershed,poisson_noise,0.9714,0.9714,0.0,0.0,0.9714,0.9714,0.0,0.9714,0.9714,0.0,0,0,0,35,35,1,1
stage1_train_clean20_subset,76c44d1addac92a65f1331f2d93f4e3b130bd4e538a6e5239c3ac1f4c403608a,otsu_watershed,Otsu + watershed,gaussian_blur,0.9714,0.9855,-0.0141,-0.0145,0.9714,1.0,-0.0286,0.9714,0.9714,0.0,0,1,1,35,34,0,1
stage1_train_clean20_subset,76c44d1addac92a65f1331f2d93f4e3b130bd4e538a6e5239c3ac1f4c403608a,otsu_watershed,Otsu + watershed,downsample_upsample,0.9714,0.9714,0.0,0.0,0.9714,0.9714,0.0,0.9714,0.9714,0.0,0,0,0,35,35,1,1
stage1_train_clean20_subset,76c44d1addac92a65f1331f2d93f4e3b130bd4e538a6e5239c3ac1f4c403608a,otsu_watershed,Otsu + watershed,intensity_scale,0.9714,0.9714,0.0,0.0,0.9714,0.9714,0.0,0.9714,0.9714,0.0,0,0,0,35,35,1,1
stage1_train_clean20_subset,76c44d1addac92a65f1331f2d93f4e3b130bd4e538a6e5239c3ac1f4c403608a,otsu_watershed,Otsu + watershed,contrast_inversion,0.9714,0.9577,0.0137,0.0141,0.9714,0.9444,0.027,0.9714,0.9714,0.0,0,1,1,35,36,2,1
stage1_train_clean20_subset,853a4c67900c411abd04467f7bc7813d3c58a5f565c8b0807e13c6e6dea21344,otsu_watershed,Otsu + watershed,clean,0.1609,0.1609,0.0,0.0,0.1014,0.1014,0.0,0.3889,0.3889,0.0,51,51,0,18,69,62,11
stage1_train_clean20_subset,853a4c67900c411abd04467f7bc7813d3c58a5f565c8b0807e13c6e6dea21344,otsu_watershed,Otsu + watershed,gaussian_noise,0.1609,0.0792,0.0817,0.5078,0.1014,0.0482,0.0533,0.3889,0.2222,0.1667,51,65,14,18,83,79,14
stage1_train_clean20_subset,853a4c67900c411abd04467f7bc7813d3c58a5f565c8b0807e13c6e6dea21344,otsu_watershed,Otsu + watershed,poisson_noise,0.1609,0.0847,0.0762,0.4734,0.1014,0.05,0.0514,0.3889,0.2778,0.1111,51,82,31,18,100,95,13
stage1_train_clean20_subset,853a4c67900c411abd04467f7bc7813d3c58a5f565c8b0807e13c6e6dea21344,otsu_watershed,Otsu + watershed,gaussian_blur,0.1609,0.2469,-0.086,-0.5344,0.1014,0.1587,-0.0573,0.3889,0.5556,-0.1667,51,45,-6,18,63,53,8
stage1_train_clean20_subset,853a4c67900c411abd04467f7bc7813d3c58a5f565c8b0807e13c6e6dea21344,otsu_watershed,Otsu + watershed,downsample_upsample,0.1609,0.2785,-0.1176,-0.7306,0.1014,0.1803,-0.0789,0.3889,0.6111,-0.2222,51,43,-8,18,61,50,7
stage1_train_clean20_subset,853a4c67900c411abd04467f7bc7813d3c58a5f565c8b0807e13c6e6dea21344,otsu_watershed,Otsu + watershed,intensity_scale,0.1609,0.1609,0.0,0.0,0.1014,0.1014,0.0,0.3889,0.3889,0.0,51,51,0,18,69,62,11
stage1_train_clean20_subset,853a4c67900c411abd04467f7bc7813d3c58a5f565c8b0807e13c6e6dea21344,otsu_watershed,Otsu + watershed,contrast_inversion,0.1609,0.2118,-0.0508,-0.316,0.1014,0.1343,-0.0329,0.3889,0.5,-0.1111,51,49,-2,18,67,58,9
stage1_train_clean20_subset,942d56861fc83e195e9c559a000bb86627d8682f8dcc2300818458e5b6850dd0,otsu_watershed,Otsu + watershed,clean,0.8519,0.8519,0.0,0.0,0.807,0.807,0.0,0.902,0.902,0.0,6,6,0,51,57,11,5
stage1_train_clean20_subset,942d56861fc83e195e9c559a000bb86627d8682f8dcc2300818458e5b6850dd0,otsu_watershed,Otsu + watershed,gaussian_noise,0.8519,0.614,0.2378,0.2792,0.807,0.5556,0.2515,0.902,0.6863,0.2157,6,12,6,51,63,28,16
stage1_train_clean20_subset,942d56861fc83e195e9c559a000bb86627d8682f8dcc2300818458e5b6850dd0,otsu_watershed,Otsu + watershed,poisson_noise,0.8519,0.7692,0.0826,0.097,0.807,0.6818,0.1252,0.902,0.8824,0.0196,6,15,9,51,66,21,6
stage1_train_clean20_subset,942d56861fc83e195e9c559a000bb86627d8682f8dcc2300818458e5b6850dd0,otsu_watershed,Otsu + watershed,gaussian_blur,0.8519,0.8868,-0.0349,-0.041,0.807,0.8545,-0.0475,0.902,0.9216,-0.0196,6,4,-2,51,55,8,4
stage1_train_clean20_subset,942d56861fc83e195e9c559a000bb86627d8682f8dcc2300818458e5b6850dd0,otsu_watershed,Otsu + watershed,downsample_upsample,0.8519,0.9615,-0.1097,-0.1288,0.807,0.9434,-0.1364,0.902,0.9804,-0.0784,6,2,-4,51,53,3,1
stage1_train_clean20_subset,942d56861fc83e195e9c559a000bb86627d8682f8dcc2300818458e5b6850dd0,otsu_watershed,Otsu + watershed,intensity_scale,0.8519,0.8519,0.0,0.0,0.807,0.807,0.0,0.902,0.902,0.0,6,6,0,51,57,11,5
stage1_train_clean20_subset,942d56861fc83e195e9c559a000bb86627d8682f8dcc2300818458e5b6850dd0,otsu_watershed,Otsu + watershed,contrast_inversion,0.8519,0.789,0.0629,0.0738,0.807,0.7414,0.0656,0.902,0.8431,0.0588,6,7,1,51,58,15,8
stage1_train_clean20_subset,a1777737270c5f96c4523dff76e4097756f8f7d4c9d59bac079e31f9510deabd,otsu_watershed,Otsu + watershed,clean,0.2558,0.2558,0.0,0.0,0.1833,0.1833,0.0,0.4231,0.4231,0.0,34,34,0,26,60,49,15
stage1_train_clean20_subset,a1777737270c5f96c4523dff76e4097756f8f7d4c9d59bac079e31f9510deabd,otsu_watershed,Otsu + watershed,gaussian_noise,0.2558,0.1037,0.1521,0.5946,0.1833,0.0642,0.1191,0.4231,0.2692,0.1538,34,83,49,26,109,102,19
stage1_train_clean20_subset,a1777737270c5f96c4523dff76e4097756f8f7d4c9d59bac079e31f9510deabd,otsu_watershed,Otsu + watershed,poisson_noise,0.2558,0.1228,0.133,0.5199,0.1833,0.0795,0.1038,0.4231,0.2692,0.1538,34,62,28,26,88,81,19
stage1_train_clean20_subset,a1777737270c5f96c4523dff76e4097756f8f7d4c9d59bac079e31f9510deabd,otsu_watershed,Otsu + watershed,gaussian_blur,0.2558,0.2766,-0.0208,-0.0812,0.1833,0.1912,-0.0078,0.4231,0.5,-0.0769,34,42,8,26,68,55,13
stage1_train_clean20_subset,a1777737270c5f96c4523dff76e4097756f8f7d4c9d59bac079e31f9510deabd,otsu_watershed,Otsu + watershed,downsample_upsample,0.2558,0.2667,-0.0109,-0.0424,0.1833,0.1875,-0.0042,0.4231,0.4615,-0.0385,34,38,4,26,64,52,14
stage1_train_clean20_subset,a1777737270c5f96c4523dff76e4097756f8f7d4c9d59bac079e31f9510deabd,otsu_watershed,Otsu + watershed,intensity_scale,0.2558,0.2558,0.0,0.0,0.1833,0.1833,0.0,0.4231,0.4231,0.0,34,34,0,26,60,49,15
stage1_train_clean20_subset,a1777737270c5f96c4523dff76e4097756f8f7d4c9d59bac079e31f9510deabd,otsu_watershed,Otsu + watershed,contrast_inversion,0.2558,0.2174,0.0384,0.1502,0.1833,0.1515,0.0318,0.4231,0.3846,0.0385,34,40,6,26,66,56,16
stage1_train_clean20_subset,ad473063dab4bf4f2461d9a99a9c0166d4871f156516d9e0a523484e7cf2258d,otsu_watershed,Otsu + watershed,clean,0.3938,0.3938,0.0,0.0,0.3486,0.3486,0.0,0.4524,0.4524,0.0,25,25,0,84,109,71,46
stage1_train_clean20_subset,ad473063dab4bf4f2461d9a99a9c0166d4871f156516d9e0a523484e7cf2258d,otsu_watershed,Otsu + watershed,gaussian_noise,0.3938,0.3163,0.0775,0.1967,0.3486,0.2768,0.0718,0.4524,0.369,0.0833,25,28,3,84,112,81,53
stage1_train_clean20_subset,ad473063dab4bf4f2461d9a99a9c0166d4871f156516d9e0a523484e7cf2258d,otsu_watershed,Otsu + watershed,poisson_noise,0.3938,0.2286,0.1652,0.4195,0.3486,0.1905,0.1581,0.4524,0.2857,0.1667,25,42,17,84,126,102,60
stage1_train_clean20_subset,ad473063dab4bf4f2461d9a99a9c0166d4871f156516d9e0a523484e7cf2258d,otsu_watershed,Otsu + watershed,gaussian_blur,0.3938,0.3743,0.0195,0.0494,0.3486,0.3398,0.0088,0.4524,0.4167,0.0357,25,19,-6,84,103,68,49
stage1_train_clean20_subset,ad473063dab4bf4f2461d9a99a9c0166d4871f156516d9e0a523484e7cf2258d,otsu_watershed,Otsu + watershed,downsample_upsample,0.3938,0.4494,-0.0557,-0.1413,0.3486,0.4255,-0.0769,0.4524,0.4762,-0.0238,25,10,-15,84,94,54,44
stage1_train_clean20_subset,ad473063dab4bf4f2461d9a99a9c0166d4871f156516d9e0a523484e7cf2258d,otsu_watershed,Otsu + watershed,intensity_scale,0.3938,0.3938,0.0,0.0,0.3486,0.3486,0.0,0.4524,0.4524,0.0,25,25,0,84,109,71,46
stage1_train_clean20_subset,ad473063dab4bf4f2461d9a99a9c0166d4871f156516d9e0a523484e7cf2258d,otsu_watershed,Otsu + watershed,contrast_inversion,0.3938,0.4167,-0.0229,-0.0581,0.3486,0.3704,-0.0217,0.4524,0.4762,-0.0238,25,24,-1,84,108,68,44
stage1_train_clean20_subset,b909aa8f6f4bec37c3fb6ff5a85d166162d07983506fcc57be742b0f9dbafbf7,otsu_watershed,Otsu + watershed,clean,0.1739,0.1739,0.0,0.0,0.1081,0.1081,0.0,0.4444,0.4444,0.0,28,28,0,9,37,33,5
stage1_train_clean20_subset,b909aa8f6f4bec37c3fb6ff5a85d166162d07983506fcc57be742b0f9dbafbf7,otsu_watershed,Otsu + watershed,gaussian_noise,0.1739,0.08,0.0939,0.54,0.1081,0.0488,0.0593,0.4444,0.2222,0.2222,28,32,4,9,41,39,7
stage1_train_clean20_subset,b909aa8f6f4bec37c3fb6ff5a85d166162d07983506fcc57be742b0f9dbafbf7,otsu_watershed,Otsu + watershed,poisson_noise,0.1739,0.0357,0.1382,0.7946,0.1081,0.0213,0.0868,0.4444,0.1111,0.3333,28,38,10,9,47,46,8
stage1_train_clean20_subset,b909aa8f6f4bec37c3fb6ff5a85d166162d07983506fcc57be742b0f9dbafbf7,otsu_watershed,Otsu + watershed,gaussian_blur,0.1739,0.15,0.0239,0.1375,0.1081,0.0968,0.0113,0.4444,0.3333,0.1111,28,22,-6,9,31,28,6
stage1_train_clean20_subset,b909aa8f6f4bec37c3fb6ff5a85d166162d07983506fcc57be742b0f9dbafbf7,otsu_watershed,Otsu + watershed,downsample_upsample,0.1739,0.15,0.0239,0.1375,0.1081,0.0968,0.0113,0.4444,0.3333,0.1111,28,22,-6,9,31,28,6
stage1_train_clean20_subset,b909aa8f6f4bec37c3fb6ff5a85d166162d07983506fcc57be742b0f9dbafbf7,otsu_watershed,Otsu + watershed,intensity_scale,0.1739,0.1739,0.0,0.0,0.1081,0.1081,0.0,0.4444,0.4444,0.0,28,28,0,9,37,33,5
stage1_train_clean20_subset,b909aa8f6f4bec37c3fb6ff5a85d166162d07983506fcc57be742b0f9dbafbf7,otsu_watershed,Otsu + watershed,contrast_inversion,0.1739,0.1333,0.0406,0.2333,0.1081,0.0833,0.0248,0.4444,0.3333,0.1111,28,27,-1,9,36,33,6
stage1_train_clean20_subset,c6216cdc42f61bc345434986db42e2ef9b9741aee3210b7a808e952e319d2305,otsu_watershed,Otsu + watershed,clean,0.8136,0.8136,0.0,0.0,0.8889,0.8889,0.0,0.75,0.75,0.0,5,5,0,32,27,3,8
stage1_train_clean20_subset,c6216cdc42f61bc345434986db42e2ef9b9741aee3210b7a808e952e319d2305,otsu_watershed,Otsu + watershed,gaussian_noise,0.8136,0.7869,0.0267,0.0328,0.8889,0.8276,0.0613,0.75,0.75,0.0,5,3,-2,32,29,5,8
stage1_train_clean20_subset,c6216cdc42f61bc345434986db42e2ef9b9741aee3210b7a808e952e319d2305,otsu_watershed,Otsu + watershed,poisson_noise,0.8136,0.7937,0.0199,0.0245,0.8889,0.8065,0.0824,0.75,0.7812,-0.0312,5,1,-4,32,31,6,7
stage1_train_clean20_subset,c6216cdc42f61bc345434986db42e2ef9b9741aee3210b7a808e952e319d2305,otsu_watershed,Otsu + watershed,gaussian_blur,0.8136,0.6429,0.1707,0.2098,0.8889,0.75,0.1389,0.75,0.5625,0.1875,5,8,3,32,24,6,14
stage1_train_clean20_subset,c6216cdc42f61bc345434986db42e2ef9b9741aee3210b7a808e952e319d2305,otsu_watershed,Otsu + watershed,downsample_upsample,0.8136,0.6429,0.1707,0.2098,0.8889,0.75,0.1389,0.75,0.5625,0.1875,5,8,3,32,24,6,14
stage1_train_clean20_subset,c6216cdc42f61bc345434986db42e2ef9b9741aee3210b7a808e952e319d2305,otsu_watershed,Otsu + watershed,intensity_scale,0.8136,0.8136,0.0,0.0,0.8889,0.8889,0.0,0.75,0.75,0.0,5,5,0,32,27,3,8
stage1_train_clean20_subset,c6216cdc42f61bc345434986db42e2ef9b9741aee3210b7a808e952e319d2305,otsu_watershed,Otsu + watershed,contrast_inversion,0.8136,0.8136,0.0,0.0,0.8889,0.8889,0.0,0.75,0.75,0.0,5,5,0,32,27,3,8
stage1_train_clean20_subset,d7d12a2acc47a94961aeb56fd56e8a0873016af75f5dd10915de9db8af8e4f5e,otsu_watershed,Otsu + watershed,clean,0.4225,0.4225,0.0,0.0,0.3061,0.3061,0.0,0.6818,0.6818,0.0,27,27,0,22,49,34,7
stage1_train_clean20_subset,d7d12a2acc47a94961aeb56fd56e8a0873016af75f5dd10915de9db8af8e4f5e,otsu_watershed,Otsu + watershed,gaussian_noise,0.4225,0.1915,0.231,0.5468,0.3061,0.125,0.1811,0.6818,0.4091,0.2727,27,50,23,22,72,63,13
stage1_train_clean20_subset,d7d12a2acc47a94961aeb56fd56e8a0873016af75f5dd10915de9db8af8e4f5e,otsu_watershed,Otsu + watershed,poisson_noise,0.4225,0.2564,0.1661,0.3932,0.3061,0.1786,0.1276,0.6818,0.4545,0.2273,27,34,7,22,56,46,12
stage1_train_clean20_subset,d7d12a2acc47a94961aeb56fd56e8a0873016af75f5dd10915de9db8af8e4f5e,otsu_watershed,Otsu + watershed,gaussian_blur,0.4225,0.5161,-0.0936,-0.2215,0.3061,0.4,-0.0939,0.6818,0.7273,-0.0455,27,18,-9,22,40,24,6
stage1_train_clean20_subset,d7d12a2acc47a94961aeb56fd56e8a0873016af75f5dd10915de9db8af8e4f5e,otsu_watershed,Otsu + watershed,downsample_upsample,0.4225,0.5152,-0.0926,-0.2192,0.3061,0.3864,-0.0802,0.6818,0.7727,-0.0909,27,22,-5,22,44,27,5
stage1_train_clean20_subset,d7d12a2acc47a94961aeb56fd56e8a0873016af75f5dd10915de9db8af8e4f5e,otsu_watershed,Otsu + watershed,intensity_scale,0.4225,0.4225,0.0,0.0,0.3061,0.3061,0.0,0.6818,0.6818,0.0,27,27,0,22,49,34,7
stage1_train_clean20_subset,d7d12a2acc47a94961aeb56fd56e8a0873016af75f5dd10915de9db8af8e4f5e,otsu_watershed,Otsu + watershed,contrast_inversion,0.4225,0.4,0.0225,0.0533,0.3061,0.2917,0.0145,0.6818,0.6364,0.0455,27,26,-1,22,48,34,8
stage1_train_clean20_subset,e52960d31f8bddf85400259beb4521383f5ceface1080be3429f2f926cc9b5c2,otsu_watershed,Otsu + watershed,clean,0.4703,0.4703,0.0,0.0,0.3541,0.3541,0.0,0.7,0.7,0.0,127,127,0,130,257,166,39
stage1_train_clean20_subset,e52960d31f8bddf85400259beb4521383f5ceface1080be3429f2f926cc9b5c2,otsu_watershed,Otsu + watershed,gaussian_noise,0.4703,0.2452,0.2251,0.4786,0.3541,0.1783,0.1758,0.7,0.3923,0.3077,127,156,29,130,286,235,79
stage1_train_clean20_subset,e52960d31f8bddf85400259beb4521383f5ceface1080be3429f2f926cc9b5c2,otsu_watershed,Otsu + watershed,poisson_noise,0.4703,0.3342,0.1361,0.2894,0.3541,0.2491,0.105,0.7,0.5077,0.1923,127,135,8,130,265,199,64
stage1_train_clean20_subset,e52960d31f8bddf85400259beb4521383f5ceface1080be3429f2f926cc9b5c2,otsu_watershed,Otsu + watershed,gaussian_blur,0.4703,0.489,-0.0187,-0.0398,0.3541,0.3803,-0.0263,0.7,0.6846,0.0154,127,104,-23,130,234,145,41
stage1_train_clean20_subset,e52960d31f8bddf85400259beb4521383f5ceface1080be3429f2f926cc9b5c2,otsu_watershed,Otsu + watershed,downsample_upsample,0.4703,0.4706,-0.0003,-0.0006,0.3541,0.3607,-0.0066,0.7,0.6769,0.0231,127,114,-13,130,244,156,42
stage1_train_clean20_subset,e52960d31f8bddf85400259beb4521383f5ceface1080be3429f2f926cc9b5c2,otsu_watershed,Otsu + watershed,intensity_scale,0.4703,0.4703,0.0,0.0,0.3541,0.3541,0.0,0.7,0.7,0.0,127,127,0,130,257,166,39
stage1_train_clean20_subset,e52960d31f8bddf85400259beb4521383f5ceface1080be3429f2f926cc9b5c2,otsu_watershed,Otsu + watershed,contrast_inversion,0.4703,0.4571,0.0131,0.0279,0.3541,0.3451,0.009,0.7,0.6769,0.0231,127,125,-2,130,255,167,42
stage1_train_clean20_subset,f29fd9c52e04403cd2c7d43b6fe2479292e53b2f61969d25256d2d2aca7c6a81,otsu_watershed,Otsu + watershed,clean,0.1386,0.1386,0.0,0.0,0.1144,0.1144,0.0,0.1759,0.1759,0.0,107,107,0,199,306,271,164
stage1_train_clean20_subset,f29fd9c52e04403cd2c7d43b6fe2479292e53b2f61969d25256d2d2aca7c6a81,otsu_watershed,Otsu + watershed,gaussian_noise,0.1386,0.2161,-0.0775,-0.5589,0.1144,0.1401,-0.0257,0.1759,0.4724,-0.2965,107,472,365,199,671,577,105
stage1_train_clean20_subset,f29fd9c52e04403cd2c7d43b6fe2479292e53b2f61969d25256d2d2aca7c6a81,otsu_watershed,Otsu + watershed,poisson_noise,0.1386,0.1291,0.0095,0.0685,0.1144,0.0888,0.0255,0.1759,0.2362,-0.0603,107,330,223,199,529,482,152
stage1_train_clean20_subset,f29fd9c52e04403cd2c7d43b6fe2479292e53b2f61969d25256d2d2aca7c6a81,otsu_watershed,Otsu + watershed,gaussian_blur,0.1386,0.1218,0.0168,0.1209,0.1144,0.1047,0.0097,0.1759,0.1457,0.0302,107,78,-29,199,277,248,170
stage1_train_clean20_subset,f29fd9c52e04403cd2c7d43b6fe2479292e53b2f61969d25256d2d2aca7c6a81,otsu_watershed,Otsu + watershed,downsample_upsample,0.1386,0.1437,-0.0051,-0.0368,0.1144,0.1192,-0.0048,0.1759,0.1809,-0.005,107,103,-4,199,302,266,163
stage1_train_clean20_subset,f29fd9c52e04403cd2c7d43b6fe2479292e53b2f61969d25256d2d2aca7c6a81,otsu_watershed,Otsu + watershed,intensity_scale,0.1386,0.1386,0.0,0.0,0.1144,0.1144,0.0,0.1759,0.1759,0.0,107,107,0,199,306,271,164
stage1_train_clean20_subset,f29fd9c52e04403cd2c7d43b6fe2479292e53b2f61969d25256d2d2aca7c6a81,otsu_watershed,Otsu + watershed,contrast_inversion,0.1386,0.1943,-0.0557,-0.4021,0.1144,0.1499,-0.0355,0.1759,0.2764,-0.1005,107,168,61,199,367,312,144
stage1_train_clean20_subset,ff599c7301daa1f783924ac8cbe3ce7b42878f15a39c2d19659189951f540f48,otsu_watershed,Otsu + watershed,clean,0.3303,0.3303,0.0,0.0,0.2118,0.2118,0.0,0.75,0.75,0.0,61,61,0,24,85,67,6
stage1_train_clean20_subset,ff599c7301daa1f783924ac8cbe3ce7b42878f15a39c2d19659189951f540f48,otsu_watershed,Otsu + watershed,gaussian_noise,0.3303,0.1077,0.2226,0.6739,0.2118,0.066,0.1457,0.75,0.2917,0.4583,61,82,21,24,106,99,17
stage1_train_clean20_subset,ff599c7301daa1f783924ac8cbe3ce7b42878f15a39c2d19659189951f540f48,otsu_watershed,Otsu + watershed,poisson_noise,0.3303,0.2095,0.1208,0.3656,0.2118,0.1358,0.076,0.75,0.4583,0.2917,61,57,-4,24,81,70,13
stage1_train_clean20_subset,ff599c7301daa1f783924ac8cbe3ce7b42878f15a39c2d19659189951f540f48,otsu_watershed,Otsu + watershed,gaussian_blur,0.3303,0.3048,0.0255,0.0772,0.2118,0.1975,0.0142,0.75,0.6667,0.0833,61,57,-4,24,81,65,8
stage1_train_clean20_subset,ff599c7301daa1f783924ac8cbe3ce7b42878f15a39c2d19659189951f540f48,otsu_watershed,Otsu + watershed,downsample_upsample,0.3303,0.3137,0.0165,0.0501,0.2118,0.2051,0.0066,0.75,0.6667,0.0833,61,54,-7,24,78,62,8
stage1_train_clean20_subset,ff599c7301daa1f783924ac8cbe3ce7b42878f15a39c2d19659189951f540f48,otsu_watershed,Otsu + watershed,intensity_scale,0.3303,0.3303,0.0,0.0,0.2118,0.2118,0.0,0.75,0.75,0.0,61,61,0,24,85,67,6
stage1_train_clean20_subset,ff599c7301daa1f783924ac8cbe3ce7b42878f15a39c2d19659189951f540f48,otsu_watershed,Otsu + watershed,contrast_inversion,0.3303,0.243,0.0873,0.2643,0.2118,0.1566,0.0551,0.75,0.5417,0.2083,61,59,-2,24,83,70,11
stage1_train_clean20_subset,00071198d059ba7f5914a526d124d28e6d010c92466da21d4a04cd5413362552,cellpose_cpsam,Cellpose-SAM,clean,0.8085,0.8085,0.0,0.0,0.95,0.95,0.0,0.7037,0.7037,0.0,7,7,0,27,20,1,8
stage1_train_clean20_subset,00071198d059ba7f5914a526d124d28e6d010c92466da21d4a04cd5413362552,cellpose_cpsam,Cellpose-SAM,gaussian_noise,0.8085,0.766,0.0426,0.0526,0.95,0.9,0.05,0.7037,0.6667,0.037,7,7,0,27,20,2,9
stage1_train_clean20_subset,00071198d059ba7f5914a526d124d28e6d010c92466da21d4a04cd5413362552,cellpose_cpsam,Cellpose-SAM,poisson_noise,0.8085,0.875,-0.0665,-0.0822,0.95,1.0,-0.05,0.7037,0.7778,-0.0741,7,6,-1,27,21,0,6
stage1_train_clean20_subset,00071198d059ba7f5914a526d124d28e6d010c92466da21d4a04cd5413362552,cellpose_cpsam,Cellpose-SAM,gaussian_blur,0.8085,0.8085,0.0,0.0,0.95,0.95,0.0,0.7037,0.7037,0.0,7,7,0,27,20,1,8
stage1_train_clean20_subset,00071198d059ba7f5914a526d124d28e6d010c92466da21d4a04cd5413362552,cellpose_cpsam,Cellpose-SAM,downsample_upsample,0.8085,0.8085,0.0,0.0,0.95,0.95,0.0,0.7037,0.7037,0.0,7,7,0,27,20,1,8
stage1_train_clean20_subset,00071198d059ba7f5914a526d124d28e6d010c92466da21d4a04cd5413362552,cellpose_cpsam,Cellpose-SAM,intensity_scale,0.8085,0.8511,-0.0426,-0.0526,0.95,1.0,-0.05,0.7037,0.7407,-0.037,7,7,0,27,20,0,7
stage1_train_clean20_subset,00071198d059ba7f5914a526d124d28e6d010c92466da21d4a04cd5413362552,cellpose_cpsam,Cellpose-SAM,contrast_inversion,0.8085,0.8261,-0.0176,-0.0217,0.95,1.0,-0.05,0.7037,0.7037,0.0,7,8,1,27,19,0,8
stage1_train_clean20_subset,0c6507d493bf79b2ba248c5cca3d14df8b67328b89efa5f4a32f97a06a88c92c,cellpose_cpsam,Cellpose-SAM,clean,0.9434,0.9434,0.0,0.0,1.0,1.0,0.0,0.8929,0.8929,0.0,3,3,0,28,25,0,3
stage1_train_clean20_subset,0c6507d493bf79b2ba248c5cca3d14df8b67328b89efa5f4a32f97a06a88c92c,cellpose_cpsam,Cellpose-SAM,gaussian_noise,0.9434,0.9434,0.0,0.0,1.0,1.0,0.0,0.8929,0.8929,0.0,3,3,0,28,25,0,3
stage1_train_clean20_subset,0c6507d493bf79b2ba248c5cca3d14df8b67328b89efa5f4a32f97a06a88c92c,cellpose_cpsam,Cellpose-SAM,poisson_noise,0.9434,0.9434,0.0,0.0,1.0,1.0,0.0,0.8929,0.8929,0.0,3,3,0,28,25,0,3
stage1_train_clean20_subset,0c6507d493bf79b2ba248c5cca3d14df8b67328b89efa5f4a32f97a06a88c92c,cellpose_cpsam,Cellpose-SAM,gaussian_blur,0.9434,0.9434,0.0,0.0,1.0,1.0,0.0,0.8929,0.8929,0.0,3,3,0,28,25,0,3
stage1_train_clean20_subset,0c6507d493bf79b2ba248c5cca3d14df8b67328b89efa5f4a32f97a06a88c92c,cellpose_cpsam,Cellpose-SAM,downsample_upsample,0.9434,0.9434,0.0,0.0,1.0,1.0,0.0,0.8929,0.8929,0.0,3,3,0,28,25,0,3
stage1_train_clean20_subset,0c6507d493bf79b2ba248c5cca3d14df8b67328b89efa5f4a32f97a06a88c92c,cellpose_cpsam,Cellpose-SAM,intensity_scale,0.9434,0.9434,0.0,0.0,1.0,1.0,0.0,0.8929,0.8929,0.0,3,3,0,28,25,0,3
stage1_train_clean20_subset,0c6507d493bf79b2ba248c5cca3d14df8b67328b89efa5f4a32f97a06a88c92c,cellpose_cpsam,Cellpose-SAM,contrast_inversion,0.9434,0.9434,0.0,0.0,1.0,1.0,0.0,0.8929,0.8929,0.0,3,3,0,28,25,0,3
stage1_train_clean20_subset,1b518cd2ea84a389c267662840f3d902d0129fab27696215db2488de6d4316c5,cellpose_cpsam,Cellpose-SAM,clean,0.9367,0.9367,0.0,0.0,0.9024,0.9024,0.0,0.9737,0.9737,0.0,6,6,0,76,82,8,2
stage1_train_clean20_subset,1b518cd2ea84a389c267662840f3d902d0129fab27696215db2488de6d4316c5,cellpose_cpsam,Cellpose-SAM,gaussian_noise,0.9367,0.9281,0.0086,0.0092,0.9024,0.9221,-0.0196,0.9737,0.9342,0.0395,6,1,-5,76,77,6,5
stage1_train_clean20_subset,1b518cd2ea84a389c267662840f3d902d0129fab27696215db2488de6d4316c5,cellpose_cpsam,Cellpose-SAM,poisson_noise,0.9367,0.9868,-0.0501,-0.0535,0.9024,0.9868,-0.0844,0.9737,0.9868,-0.0132,6,0,-6,76,76,1,1
stage1_train_clean20_subset,1b518cd2ea84a389c267662840f3d902d0129fab27696215db2488de6d4316c5,cellpose_cpsam,Cellpose-SAM,gaussian_blur,0.9367,0.9542,-0.0175,-0.0187,0.9024,0.9481,-0.0456,0.9737,0.9605,0.0132,6,1,-5,76,77,4,3
stage1_train_clean20_subset,1b518cd2ea84a389c267662840f3d902d0129fab27696215db2488de6d4316c5,cellpose_cpsam,Cellpose-SAM,downsample_upsample,0.9367,0.9487,-0.012,-0.0128,0.9024,0.925,-0.0226,0.9737,0.9737,0.0,6,4,-2,76,80,6,2
stage1_train_clean20_subset,1b518cd2ea84a389c267662840f3d902d0129fab27696215db2488de6d4316c5,cellpose_cpsam,Cellpose-SAM,intensity_scale,0.9367,0.9367,0.0,0.0,0.9024,0.9024,0.0,0.9737,0.9737,0.0,6,6,0,76,82,8,2
stage1_train_clean20_subset,1b518cd2ea84a389c267662840f3d902d0129fab27696215db2488de6d4316c5,cellpose_cpsam,Cellpose-SAM,contrast_inversion,0.9367,0.9367,0.0,0.0,0.9024,0.9024,0.0,0.9737,0.9737,0.0,6,6,0,76,82,8,2
stage1_train_clean20_subset,2817299fd3b88670e86a9db5651ba24333c299d1d41e5491aabfcd95aee84174,cellpose_cpsam,Cellpose-SAM,clean,0.9697,0.9697,0.0,0.0,0.9412,0.9412,0.0,1.0,1.0,0.0,1,1,0,16,17,1,0
stage1_train_clean20_subset,2817299fd3b88670e86a9db5651ba24333c299d1d41e5491aabfcd95aee84174,cellpose_cpsam,Cellpose-SAM,gaussian_noise,0.9697,1.0,-0.0303,-0.0313,0.9412,1.0,-0.0588,1.0,1.0,0.0,1,0,-1,16,16,0,0
stage1_train_clean20_subset,2817299fd3b88670e86a9db5651ba24333c299d1d41e5491aabfcd95aee84174,cellpose_cpsam,Cellpose-SAM,poisson_noise,0.9697,1.0,-0.0303,-0.0313,0.9412,1.0,-0.0588,1.0,1.0,0.0,1,0,-1,16,16,0,0
stage1_train_clean20_subset,2817299fd3b88670e86a9db5651ba24333c299d1d41e5491aabfcd95aee84174,cellpose_cpsam,Cellpose-SAM,gaussian_blur,0.9697,1.0,-0.0303,-0.0313,0.9412,1.0,-0.0588,1.0,1.0,0.0,1,0,-1,16,16,0,0
stage1_train_clean20_subset,2817299fd3b88670e86a9db5651ba24333c299d1d41e5491aabfcd95aee84174,cellpose_cpsam,Cellpose-SAM,downsample_upsample,0.9697,1.0,-0.0303,-0.0313,0.9412,1.0,-0.0588,1.0,1.0,0.0,1,0,-1,16,16,0,0
stage1_train_clean20_subset,2817299fd3b88670e86a9db5651ba24333c299d1d41e5491aabfcd95aee84174,cellpose_cpsam,Cellpose-SAM,intensity_scale,0.9697,1.0,-0.0303,-0.0313,0.9412,1.0,-0.0588,1.0,1.0,0.0,1,0,-1,16,16,0,0
stage1_train_clean20_subset,2817299fd3b88670e86a9db5651ba24333c299d1d41e5491aabfcd95aee84174,cellpose_cpsam,Cellpose-SAM,contrast_inversion,0.9697,1.0,-0.0303,-0.0313,0.9412,1.0,-0.0588,1.0,1.0,0.0,1,0,-1,16,16,0,0
stage1_train_clean20_subset,33a5b0ff232b425796ee6a9dd5b516ff9aad54ca723b4ec490bf5cd9b2e2a731,cellpose_cpsam,Cellpose-SAM,clean,0.8293,0.8293,0.0,0.0,0.9444,0.9444,0.0,0.7391,0.7391,0.0,5,5,0,23,18,1,6
stage1_train_clean20_subset,33a5b0ff232b425796ee6a9dd5b516ff9aad54ca723b4ec490bf5cd9b2e2a731,cellpose_cpsam,Cellpose-SAM,gaussian_noise,0.8293,0.7805,0.0488,0.0588,0.9444,0.8889,0.0556,0.7391,0.6957,0.0435,5,5,0,23,18,2,7
stage1_train_clean20_subset,33a5b0ff232b425796ee6a9dd5b516ff9aad54ca723b4ec490bf5cd9b2e2a731,cellpose_cpsam,Cellpose-SAM,poisson_noise,0.8293,0.7805,0.0488,0.0588,0.9444,0.8889,0.0556,0.7391,0.6957,0.0435,5,5,0,23,18,2,7
stage1_train_clean20_subset,33a5b0ff232b425796ee6a9dd5b516ff9aad54ca723b4ec490bf5cd9b2e2a731,cellpose_cpsam,Cellpose-SAM,gaussian_blur,0.8293,0.878,-0.0488,-0.0588,0.9444,1.0,-0.0556,0.7391,0.7826,-0.0435,5,5,0,23,18,0,5
stage1_train_clean20_subset,33a5b0ff232b425796ee6a9dd5b516ff9aad54ca723b4ec490bf5cd9b2e2a731,cellpose_cpsam,Cellpose-SAM,downsample_upsample,0.8293,0.8571,-0.0279,-0.0336,0.9444,0.9474,-0.0029,0.7391,0.7826,-0.0435,5,4,-1,23,19,1,5
stage1_train_clean20_subset,33a5b0ff232b425796ee6a9dd5b516ff9aad54ca723b4ec490bf5cd9b2e2a731,cellpose_cpsam,Cellpose-SAM,intensity_scale,0.8293,0.8571,-0.0279,-0.0336,0.9444,0.9474,-0.0029,0.7391,0.7826,-0.0435,5,4,-1,23,19,1,5
stage1_train_clean20_subset,33a5b0ff232b425796ee6a9dd5b516ff9aad54ca723b4ec490bf5cd9b2e2a731,cellpose_cpsam,Cellpose-SAM,contrast_inversion,0.8293,0.8837,-0.0545,-0.0657,0.9444,0.95,-0.0056,0.7391,0.8261,-0.087,5,3,-2,23,20,1,4
stage1_train_clean20_subset,4193474b2f1c72f735b13633b219d9cabdd43c21d9c2bb4dfc4809f104ba4c06,cellpose_cpsam,Cellpose-SAM,clean,0.88,0.88,0.0,0.0,0.8462,0.8462,0.0,0.9167,0.9167,0.0,1,1,0,12,13,2,1
stage1_train_clean20_subset,4193474b2f1c72f735b13633b219d9cabdd43c21d9c2bb4dfc4809f104ba4c06,cellpose_cpsam,Cellpose-SAM,gaussian_noise,0.88,0.88,0.0,0.0,0.8462,0.8462,0.0,0.9167,0.9167,0.0,1,1,0,12,13,2,1
stage1_train_clean20_subset,4193474b2f1c72f735b13633b219d9cabdd43c21d9c2bb4dfc4809f104ba4c06,cellpose_cpsam,Cellpose-SAM,poisson_noise,0.88,0.5263,0.3537,0.4019,0.8462,0.7143,0.1319,0.9167,0.4167,0.5,1,5,4,12,7,2,7
stage1_train_clean20_subset,4193474b2f1c72f735b13633b219d9cabdd43c21d9c2bb4dfc4809f104ba4c06,cellpose_cpsam,Cellpose-SAM,gaussian_blur,0.88,0.88,0.0,0.0,0.8462,0.8462,0.0,0.9167,0.9167,0.0,1,1,0,12,13,2,1
stage1_train_clean20_subset,4193474b2f1c72f735b13633b219d9cabdd43c21d9c2bb4dfc4809f104ba4c06,cellpose_cpsam,Cellpose-SAM,downsample_upsample,0.88,0.88,0.0,0.0,0.8462,0.8462,0.0,0.9167,0.9167,0.0,1,1,0,12,13,2,1
stage1_train_clean20_subset,4193474b2f1c72f735b13633b219d9cabdd43c21d9c2bb4dfc4809f104ba4c06,cellpose_cpsam,Cellpose-SAM,intensity_scale,0.88,0.8182,0.0618,0.0702,0.8462,0.9,-0.0538,0.9167,0.75,0.1667,1,2,1,12,10,1,3
stage1_train_clean20_subset,4193474b2f1c72f735b13633b219d9cabdd43c21d9c2bb4dfc4809f104ba4c06,cellpose_cpsam,Cellpose-SAM,contrast_inversion,0.88,0.8462,0.0338,0.0385,0.8462,0.7857,0.0604,0.9167,0.9167,0.0,1,2,1,12,14,3,1
stage1_train_clean20_subset,4e07a653352b30bb95b60ebc6c57afbc7215716224af731c51ff8d430788cd40,cellpose_cpsam,Cellpose-SAM,clean,0.5556,0.5556,0.0,0.0,0.75,0.75,0.0,0.4412,0.4412,0.0,56,56,0,136,80,20,76
stage1_train_clean20_subset,4e07a653352b30bb95b60ebc6c57afbc7215716224af731c51ff8d430788cd40,cellpose_cpsam,Cellpose-SAM,gaussian_noise,0.5556,0.4929,0.0627,0.1128,0.75,0.6933,0.0567,0.4412,0.3824,0.0588,56,61,5,136,75,23,84
stage1_train_clean20_subset,4e07a653352b30bb95b60ebc6c57afbc7215716224af731c51ff8d430788cd40,cellpose_cpsam,Cellpose-SAM,poisson_noise,0.5556,0.4456,0.11,0.1979,0.75,0.7544,-0.0044,0.4412,0.3162,0.125,56,79,23,136,57,14,93
stage1_train_clean20_subset,4e07a653352b30bb95b60ebc6c57afbc7215716224af731c51ff8d430788cd40,cellpose_cpsam,Cellpose-SAM,gaussian_blur,0.5556,0.4631,0.0925,0.1665,0.75,0.7015,0.0485,0.4412,0.3456,0.0956,56,69,13,136,67,20,89
stage1_train_clean20_subset,4e07a653352b30bb95b60ebc6c57afbc7215716224af731c51ff8d430788cd40,cellpose_cpsam,Cellpose-SAM,downsample_upsample,0.5556,0.5,0.0556,0.1,0.75,0.6974,0.0526,0.4412,0.3897,0.0515,56,60,4,136,76,23,83
stage1_train_clean20_subset,4e07a653352b30bb95b60ebc6c57afbc7215716224af731c51ff8d430788cd40,cellpose_cpsam,Cellpose-SAM,intensity_scale,0.5556,0.6637,-0.1081,-0.1946,0.75,0.8506,-0.1006,0.4412,0.5441,-0.1029,56,49,-7,136,87,13,62
stage1_train_clean20_subset,4e07a653352b30bb95b60ebc6c57afbc7215716224af731c51ff8d430788cd40,cellpose_cpsam,Cellpose-SAM,contrast_inversion,0.5556,0.5753,-0.0198,-0.0356,0.75,0.759,-0.009,0.4412,0.4632,-0.0221,56,53,-3,136,83,20,73
stage1_train_clean20_subset,5afcbfd0dd64392aa1e233b996d0bfb4354ee7119f30ae111c33d0fe4df11590,cellpose_cpsam,Cellpose-SAM,clean,0.9615,0.9615,0.0,0.0,1.0,1.0,0.0,0.9259,0.9259,0.0,2,2,0,27,25,0,2
stage1_train_clean20_subset,5afcbfd0dd64392aa1e233b996d0bfb4354ee7119f30ae111c33d0fe4df11590,cellpose_cpsam,Cellpose-SAM,gaussian_noise,0.9615,0.8846,0.0769,0.08,1.0,0.92,0.08,0.9259,0.8519,0.0741,2,2,0,27,25,2,4
stage1_train_clean20_subset,5afcbfd0dd64392aa1e233b996d0bfb4354ee7119f30ae111c33d0fe4df11590,cellpose_cpsam,Cellpose-SAM,poisson_noise,0.9615,0.9615,0.0,0.0,1.0,1.0,0.0,0.9259,0.9259,0.0,2,2,0,27,25,0,2
stage1_train_clean20_subset,5afcbfd0dd64392aa1e233b996d0bfb4354ee7119f30ae111c33d0fe4df11590,cellpose_cpsam,Cellpose-SAM,gaussian_blur,0.9615,0.9615,0.0,0.0,1.0,1.0,0.0,0.9259,0.9259,0.0,2,2,0,27,25,0,2
stage1_train_clean20_subset,5afcbfd0dd64392aa1e233b996d0bfb4354ee7119f30ae111c33d0fe4df11590,cellpose_cpsam,Cellpose-SAM,downsample_upsample,0.9615,0.9615,0.0,0.0,1.0,1.0,0.0,0.9259,0.9259,0.0,2,2,0,27,25,0,2
stage1_train_clean20_subset,5afcbfd0dd64392aa1e233b996d0bfb4354ee7119f30ae111c33d0fe4df11590,cellpose_cpsam,Cellpose-SAM,intensity_scale,0.9615,0.9615,0.0,0.0,1.0,1.0,0.0,0.9259,0.9259,0.0,2,2,0,27,25,0,2
stage1_train_clean20_subset,5afcbfd0dd64392aa1e233b996d0bfb4354ee7119f30ae111c33d0fe4df11590,cellpose_cpsam,Cellpose-SAM,contrast_inversion,0.9615,0.9615,0.0,0.0,1.0,1.0,0.0,0.9259,0.9259,0.0,2,2,0,27,25,0,2
stage1_train_clean20_subset,66612c188d73e931e1863af2c99d2af782c32f65fd97d224abb40bbadb87263f,cellpose_cpsam,Cellpose-SAM,clean,0.9286,0.9286,0.0,0.0,1.0,1.0,0.0,0.8667,0.8667,0.0,2,2,0,15,13,0,2
stage1_train_clean20_subset,66612c188d73e931e1863af2c99d2af782c32f65fd97d224abb40bbadb87263f,cellpose_cpsam,Cellpose-SAM,gaussian_noise,0.9286,0.9286,0.0,0.0,1.0,1.0,0.0,0.8667,0.8667,0.0,2,2,0,15,13,0,2
stage1_train_clean20_subset,66612c188d73e931e1863af2c99d2af782c32f65fd97d224abb40bbadb87263f,cellpose_cpsam,Cellpose-SAM,poisson_noise,0.9286,0.9286,0.0,0.0,1.0,1.0,0.0,0.8667,0.8667,0.0,2,2,0,15,13,0,2
stage1_train_clean20_subset,66612c188d73e931e1863af2c99d2af782c32f65fd97d224abb40bbadb87263f,cellpose_cpsam,Cellpose-SAM,gaussian_blur,0.9286,0.9286,0.0,0.0,1.0,1.0,0.0,0.8667,0.8667,0.0,2,2,0,15,13,0,2
stage1_train_clean20_subset,66612c188d73e931e1863af2c99d2af782c32f65fd97d224abb40bbadb87263f,cellpose_cpsam,Cellpose-SAM,downsample_upsample,0.9286,0.9286,0.0,0.0,1.0,1.0,0.0,0.8667,0.8667,0.0,2,2,0,15,13,0,2
stage1_train_clean20_subset,66612c188d73e931e1863af2c99d2af782c32f65fd97d224abb40bbadb87263f,cellpose_cpsam,Cellpose-SAM,intensity_scale,0.9286,0.9286,0.0,0.0,1.0,1.0,0.0,0.8667,0.8667,0.0,2,2,0,15,13,0,2
stage1_train_clean20_subset,66612c188d73e931e1863af2c99d2af782c32f65fd97d224abb40bbadb87263f,cellpose_cpsam,Cellpose-SAM,contrast_inversion,0.9286,0.9286,0.0,0.0,1.0,1.0,0.0,0.8667,0.8667,0.0,2,2,0,15,13,0,2
stage1_train_clean20_subset,76c44d1addac92a65f1331f2d93f4e3b130bd4e538a6e5239c3ac1f4c403608a,cellpose_cpsam,Cellpose-SAM,clean,1.0,1.0,0.0,0.0,1.0,1.0,0.0,1.0,1.0,0.0,0,0,0,35,35,0,0
stage1_train_clean20_subset,76c44d1addac92a65f1331f2d93f4e3b130bd4e538a6e5239c3ac1f4c403608a,cellpose_cpsam,Cellpose-SAM,gaussian_noise,1.0,1.0,0.0,0.0,1.0,1.0,0.0,1.0,1.0,0.0,0,0,0,35,35,0,0
stage1_train_clean20_subset,76c44d1addac92a65f1331f2d93f4e3b130bd4e538a6e5239c3ac1f4c403608a,cellpose_cpsam,Cellpose-SAM,poisson_noise,1.0,0.9859,0.0141,0.0141,1.0,0.9722,0.0278,1.0,1.0,0.0,0,1,1,35,36,1,0
stage1_train_clean20_subset,76c44d1addac92a65f1331f2d93f4e3b130bd4e538a6e5239c3ac1f4c403608a,cellpose_cpsam,Cellpose-SAM,gaussian_blur,1.0,1.0,0.0,0.0,1.0,1.0,0.0,1.0,1.0,0.0,0,0,0,35,35,0,0
stage1_train_clean20_subset,76c44d1addac92a65f1331f2d93f4e3b130bd4e538a6e5239c3ac1f4c403608a,cellpose_cpsam,Cellpose-SAM,downsample_upsample,1.0,1.0,0.0,0.0,1.0,1.0,0.0,1.0,1.0,0.0,0,0,0,35,35,0,0
stage1_train_clean20_subset,76c44d1addac92a65f1331f2d93f4e3b130bd4e538a6e5239c3ac1f4c403608a,cellpose_cpsam,Cellpose-SAM,intensity_scale,1.0,1.0,0.0,0.0,1.0,1.0,0.0,1.0,1.0,0.0,0,0,0,35,35,0,0
stage1_train_clean20_subset,76c44d1addac92a65f1331f2d93f4e3b130bd4e538a6e5239c3ac1f4c403608a,cellpose_cpsam,Cellpose-SAM,contrast_inversion,1.0,1.0,0.0,0.0,1.0,1.0,0.0,1.0,1.0,0.0,0,0,0,35,35,0,0
stage1_train_clean20_subset,853a4c67900c411abd04467f7bc7813d3c58a5f565c8b0807e13c6e6dea21344,cellpose_cpsam,Cellpose-SAM,clean,0.9714,0.9714,0.0,0.0,1.0,1.0,0.0,0.9444,0.9444,0.0,1,1,0,18,17,0,1
stage1_train_clean20_subset,853a4c67900c411abd04467f7bc7813d3c58a5f565c8b0807e13c6e6dea21344,cellpose_cpsam,Cellpose-SAM,gaussian_noise,0.9714,0.9714,0.0,0.0,1.0,1.0,0.0,0.9444,0.9444,0.0,1,1,0,18,17,0,1
stage1_train_clean20_subset,853a4c67900c411abd04467f7bc7813d3c58a5f565c8b0807e13c6e6dea21344,cellpose_cpsam,Cellpose-SAM,poisson_noise,0.9714,0.8205,0.1509,0.1554,1.0,0.7619,0.2381,0.9444,0.8889,0.0556,1,3,2,18,21,5,2
stage1_train_clean20_subset,853a4c67900c411abd04467f7bc7813d3c58a5f565c8b0807e13c6e6dea21344,cellpose_cpsam,Cellpose-SAM,gaussian_blur,0.9714,0.9714,0.0,0.0,1.0,1.0,0.0,0.9444,0.9444,0.0,1,1,0,18,17,0,1
stage1_train_clean20_subset,853a4c67900c411abd04467f7bc7813d3c58a5f565c8b0807e13c6e6dea21344,cellpose_cpsam,Cellpose-SAM,downsample_upsample,0.9714,0.9714,0.0,0.0,1.0,1.0,0.0,0.9444,0.9444,0.0,1,1,0,18,17,0,1
stage1_train_clean20_subset,853a4c67900c411abd04467f7bc7813d3c58a5f565c8b0807e13c6e6dea21344,cellpose_cpsam,Cellpose-SAM,intensity_scale,0.9714,0.9189,0.0525,0.0541,1.0,0.8947,0.1053,0.9444,0.9444,0.0,1,1,0,18,19,2,1
stage1_train_clean20_subset,853a4c67900c411abd04467f7bc7813d3c58a5f565c8b0807e13c6e6dea21344,cellpose_cpsam,Cellpose-SAM,contrast_inversion,0.9714,0.9,0.0714,0.0735,1.0,0.8182,0.1818,0.9444,1.0,-0.0556,1,4,3,18,22,4,0
stage1_train_clean20_subset,942d56861fc83e195e9c559a000bb86627d8682f8dcc2300818458e5b6850dd0,cellpose_cpsam,Cellpose-SAM,clean,0.9615,0.9615,0.0,0.0,0.9434,0.9434,0.0,0.9804,0.9804,0.0,2,2,0,51,53,3,1
stage1_train_clean20_subset,942d56861fc83e195e9c559a000bb86627d8682f8dcc2300818458e5b6850dd0,cellpose_cpsam,Cellpose-SAM,gaussian_noise,0.9615,0.9804,-0.0189,-0.0196,0.9434,0.9804,-0.037,0.9804,0.9804,0.0,2,0,-2,51,51,1,1
stage1_train_clean20_subset,942d56861fc83e195e9c559a000bb86627d8682f8dcc2300818458e5b6850dd0,cellpose_cpsam,Cellpose-SAM,poisson_noise,0.9615,0.9524,0.0092,0.0095,0.9434,0.9259,0.0175,0.9804,0.9804,0.0,2,3,1,51,54,4,1
stage1_train_clean20_subset,942d56861fc83e195e9c559a000bb86627d8682f8dcc2300818458e5b6850dd0,cellpose_cpsam,Cellpose-SAM,gaussian_blur,0.9615,1.0,-0.0385,-0.04,0.9434,1.0,-0.0566,0.9804,1.0,-0.0196,2,0,-2,51,51,0,0
stage1_train_clean20_subset,942d56861fc83e195e9c559a000bb86627d8682f8dcc2300818458e5b6850dd0,cellpose_cpsam,Cellpose-SAM,downsample_upsample,0.9615,0.9804,-0.0189,-0.0196,0.9434,0.9804,-0.037,0.9804,0.9804,0.0,2,0,-2,51,51,1,1
stage1_train_clean20_subset,942d56861fc83e195e9c559a000bb86627d8682f8dcc2300818458e5b6850dd0,cellpose_cpsam,Cellpose-SAM,intensity_scale,0.9615,0.9615,0.0,0.0,0.9434,0.9434,0.0,0.9804,0.9804,0.0,2,2,0,51,53,3,1
stage1_train_clean20_subset,942d56861fc83e195e9c559a000bb86627d8682f8dcc2300818458e5b6850dd0,cellpose_cpsam,Cellpose-SAM,contrast_inversion,0.9615,0.9804,-0.0189,-0.0196,0.9434,0.9804,-0.037,0.9804,0.9804,0.0,2,0,-2,51,51,1,1
stage1_train_clean20_subset,a1777737270c5f96c4523dff76e4097756f8f7d4c9d59bac079e31f9510deabd,cellpose_cpsam,Cellpose-SAM,clean,0.902,0.902,0.0,0.0,0.92,0.92,0.0,0.8846,0.8846,0.0,1,1,0,26,25,2,3
stage1_train_clean20_subset,a1777737270c5f96c4523dff76e4097756f8f7d4c9d59bac079e31f9510deabd,cellpose_cpsam,Cellpose-SAM,gaussian_noise,0.902,0.8571,0.0448,0.0497,0.92,0.913,0.007,0.8846,0.8077,0.0769,1,3,2,26,23,2,5
stage1_train_clean20_subset,a1777737270c5f96c4523dff76e4097756f8f7d4c9d59bac079e31f9510deabd,cellpose_cpsam,Cellpose-SAM,poisson_noise,0.902,0.92,-0.018,-0.02,0.92,0.9583,-0.0383,0.8846,0.8846,0.0,1,2,1,26,24,1,3
stage1_train_clean20_subset,a1777737270c5f96c4523dff76e4097756f8f7d4c9d59bac079e31f9510deabd,cellpose_cpsam,Cellpose-SAM,gaussian_blur,0.902,0.8679,0.034,0.0377,0.92,0.8519,0.0681,0.8846,0.8846,0.0,1,1,0,26,27,4,3
stage1_train_clean20_subset,a1777737270c5f96c4523dff76e4097756f8f7d4c9d59bac079e31f9510deabd,cellpose_cpsam,Cellpose-SAM,downsample_upsample,0.902,0.8679,0.034,0.0377,0.92,0.8519,0.0681,0.8846,0.8846,0.0,1,1,0,26,27,4,3
stage1_train_clean20_subset,a1777737270c5f96c4523dff76e4097756f8f7d4c9d59bac079e31f9510deabd,cellpose_cpsam,Cellpose-SAM,intensity_scale,0.902,0.8846,0.0173,0.0192,0.92,0.8846,0.0354,0.8846,0.8846,0.0,1,0,-1,26,26,3,3
stage1_train_clean20_subset,a1777737270c5f96c4523dff76e4097756f8f7d4c9d59bac079e31f9510deabd,cellpose_cpsam,Cellpose-SAM,contrast_inversion,0.902,0.8846,0.0173,0.0192,0.92,0.8846,0.0354,0.8846,0.8846,0.0,1,0,-1,26,26,3,3
stage1_train_clean20_subset,ad473063dab4bf4f2461d9a99a9c0166d4871f156516d9e0a523484e7cf2258d,cellpose_cpsam,Cellpose-SAM,clean,0.8212,0.8212,0.0,0.0,0.9254,0.9254,0.0,0.7381,0.7381,0.0,17,17,0,84,67,5,22
stage1_train_clean20_subset,ad473063dab4bf4f2461d9a99a9c0166d4871f156516d9e0a523484e7cf2258d,cellpose_cpsam,Cellpose-SAM,gaussian_noise,0.8212,0.7421,0.0791,0.0963,0.9254,0.7867,0.1387,0.7381,0.7024,0.0357,17,9,-8,84,75,16,25
stage1_train_clean20_subset,ad473063dab4bf4f2461d9a99a9c0166d4871f156516d9e0a523484e7cf2258d,cellpose_cpsam,Cellpose-SAM,poisson_noise,0.8212,0.6475,0.1737,0.2115,0.9254,0.8182,0.1072,0.7381,0.5357,0.2024,17,29,12,84,55,10,39
stage1_train_clean20_subset,ad473063dab4bf4f2461d9a99a9c0166d4871f156516d9e0a523484e7cf2258d,cellpose_cpsam,Cellpose-SAM,gaussian_blur,0.8212,0.7075,0.1137,0.1385,0.9254,0.8254,0.1,0.7381,0.619,0.119,17,21,4,84,63,11,32
stage1_train_clean20_subset,ad473063dab4bf4f2461d9a99a9c0166d4871f156516d9e0a523484e7cf2258d,cellpose_cpsam,Cellpose-SAM,downsample_upsample,0.8212,0.7651,0.0561,0.0683,0.9254,0.8769,0.0485,0.7381,0.6786,0.0595,17,19,2,84,65,8,27
stage1_train_clean20_subset,ad473063dab4bf4f2461d9a99a9c0166d4871f156516d9e0a523484e7cf2258d,cellpose_cpsam,Cellpose-SAM,intensity_scale,0.8212,0.8917,-0.0705,-0.0859,0.9254,0.9589,-0.0335,0.7381,0.8333,-0.0952,17,11,-6,84,73,3,14
stage1_train_clean20_subset,ad473063dab4bf4f2461d9a99a9c0166d4871f156516d9e0a523484e7cf2258d,cellpose_cpsam,Cellpose-SAM,contrast_inversion,0.8212,0.8462,-0.025,-0.0304,0.9254,0.9167,0.0087,0.7381,0.7857,-0.0476,17,12,-5,84,72,6,18
stage1_train_clean20_subset,b909aa8f6f4bec37c3fb6ff5a85d166162d07983506fcc57be742b0f9dbafbf7,cellpose_cpsam,Cellpose-SAM,clean,0.625,0.625,0.0,0.0,0.7143,0.7143,0.0,0.5556,0.5556,0.0,2,2,0,9,7,2,4
stage1_train_clean20_subset,b909aa8f6f4bec37c3fb6ff5a85d166162d07983506fcc57be742b0f9dbafbf7,cellpose_cpsam,Cellpose-SAM,gaussian_noise,0.625,0.625,0.0,0.0,0.7143,0.7143,0.0,0.5556,0.5556,0.0,2,2,0,9,7,2,4
stage1_train_clean20_subset,b909aa8f6f4bec37c3fb6ff5a85d166162d07983506fcc57be742b0f9dbafbf7,cellpose_cpsam,Cellpose-SAM,poisson_noise,0.625,0.6667,-0.0417,-0.0667,0.7143,0.8333,-0.119,0.5556,0.5556,0.0,2,3,1,9,6,1,4
stage1_train_clean20_subset,b909aa8f6f4bec37c3fb6ff5a85d166162d07983506fcc57be742b0f9dbafbf7,cellpose_cpsam,Cellpose-SAM,gaussian_blur,0.625,0.625,0.0,0.0,0.7143,0.7143,0.0,0.5556,0.5556,0.0,2,2,0,9,7,2,4
stage1_train_clean20_subset,b909aa8f6f4bec37c3fb6ff5a85d166162d07983506fcc57be742b0f9dbafbf7,cellpose_cpsam,Cellpose-SAM,downsample_upsample,0.625,0.625,0.0,0.0,0.7143,0.7143,0.0,0.5556,0.5556,0.0,2,2,0,9,7,2,4
stage1_train_clean20_subset,b909aa8f6f4bec37c3fb6ff5a85d166162d07983506fcc57be742b0f9dbafbf7,cellpose_cpsam,Cellpose-SAM,intensity_scale,0.625,0.8235,-0.1985,-0.3176,0.7143,0.875,-0.1607,0.5556,0.7778,-0.2222,2,1,-1,9,8,1,2
stage1_train_clean20_subset,b909aa8f6f4bec37c3fb6ff5a85d166162d07983506fcc57be742b0f9dbafbf7,cellpose_cpsam,Cellpose-SAM,contrast_inversion,0.625,0.7368,-0.1118,-0.1789,0.7143,0.7,0.0143,0.5556,0.7778,-0.2222,2,1,-1,9,10,3,2
stage1_train_clean20_subset,c6216cdc42f61bc345434986db42e2ef9b9741aee3210b7a808e952e319d2305,cellpose_cpsam,Cellpose-SAM,clean,0.9032,0.9032,0.0,0.0,0.9333,0.9333,0.0,0.875,0.875,0.0,2,2,0,32,30,2,4
stage1_train_clean20_subset,c6216cdc42f61bc345434986db42e2ef9b9741aee3210b7a808e952e319d2305,cellpose_cpsam,Cellpose-SAM,gaussian_noise,0.9032,0.8065,0.0968,0.1071,0.9333,0.8333,0.1,0.875,0.7812,0.0938,2,2,0,32,30,5,7
stage1_train_clean20_subset,c6216cdc42f61bc345434986db42e2ef9b9741aee3210b7a808e952e319d2305,cellpose_cpsam,Cellpose-SAM,poisson_noise,0.9032,0.8,0.1032,0.1143,0.9333,0.8571,0.0762,0.875,0.75,0.125,2,4,2,32,28,4,8
stage1_train_clean20_subset,c6216cdc42f61bc345434986db42e2ef9b9741aee3210b7a808e952e319d2305,cellpose_cpsam,Cellpose-SAM,gaussian_blur,0.9032,0.6071,0.2961,0.3278,0.9333,0.7083,0.225,0.875,0.5312,0.3438,2,8,6,32,24,7,15
stage1_train_clean20_subset,c6216cdc42f61bc345434986db42e2ef9b9741aee3210b7a808e952e319d2305,cellpose_cpsam,Cellpose-SAM,downsample_upsample,0.9032,0.7797,0.1236,0.1368,0.9333,0.8519,0.0815,0.875,0.7188,0.1562,2,5,3,32,27,4,9
stage1_train_clean20_subset,c6216cdc42f61bc345434986db42e2ef9b9741aee3210b7a808e952e319d2305,cellpose_cpsam,Cellpose-SAM,intensity_scale,0.9032,0.9032,0.0,0.0,0.9333,0.9333,0.0,0.875,0.875,0.0,2,2,0,32,30,2,4
stage1_train_clean20_subset,c6216cdc42f61bc345434986db42e2ef9b9741aee3210b7a808e952e319d2305,cellpose_cpsam,Cellpose-SAM,contrast_inversion,0.9032,0.9032,0.0,0.0,0.9333,0.9333,0.0,0.875,0.875,0.0,2,2,0,32,30,2,4
stage1_train_clean20_subset,d7d12a2acc47a94961aeb56fd56e8a0873016af75f5dd10915de9db8af8e4f5e,cellpose_cpsam,Cellpose-SAM,clean,0.9524,0.9524,0.0,0.0,1.0,1.0,0.0,0.9091,0.9091,0.0,2,2,0,22,20,0,2
stage1_train_clean20_subset,d7d12a2acc47a94961aeb56fd56e8a0873016af75f5dd10915de9db8af8e4f5e,cellpose_cpsam,Cellpose-SAM,gaussian_noise,0.9524,0.8718,0.0806,0.0846,1.0,1.0,0.0,0.9091,0.7727,0.1364,2,5,3,22,17,0,5
stage1_train_clean20_subset,d7d12a2acc47a94961aeb56fd56e8a0873016af75f5dd10915de9db8af8e4f5e,cellpose_cpsam,Cellpose-SAM,poisson_noise,0.9524,0.8718,0.0806,0.0846,1.0,1.0,0.0,0.9091,0.7727,0.1364,2,5,3,22,17,0,5
stage1_train_clean20_subset,d7d12a2acc47a94961aeb56fd56e8a0873016af75f5dd10915de9db8af8e4f5e,cellpose_cpsam,Cellpose-SAM,gaussian_blur,0.9524,0.9268,0.0256,0.0268,1.0,1.0,0.0,0.9091,0.8636,0.0455,2,3,1,22,19,0,3
stage1_train_clean20_subset,d7d12a2acc47a94961aeb56fd56e8a0873016af75f5dd10915de9db8af8e4f5e,cellpose_cpsam,Cellpose-SAM,downsample_upsample,0.9524,0.9524,0.0,0.0,1.0,1.0,0.0,0.9091,0.9091,0.0,2,2,0,22,20,0,2
stage1_train_clean20_subset,d7d12a2acc47a94961aeb56fd56e8a0873016af75f5dd10915de9db8af8e4f5e,cellpose_cpsam,Cellpose-SAM,intensity_scale,0.9524,0.9,0.0524,0.055,1.0,1.0,0.0,0.9091,0.8182,0.0909,2,4,2,22,18,0,4
stage1_train_clean20_subset,d7d12a2acc47a94961aeb56fd56e8a0873016af75f5dd10915de9db8af8e4f5e,cellpose_cpsam,Cellpose-SAM,contrast_inversion,0.9524,0.9268,0.0256,0.0268,1.0,1.0,0.0,0.9091,0.8636,0.0455,2,3,1,22,19,0,3
stage1_train_clean20_subset,e52960d31f8bddf85400259beb4521383f5ceface1080be3429f2f926cc9b5c2,cellpose_cpsam,Cellpose-SAM,clean,0.981,0.981,0.0,0.0,0.9699,0.9699,0.0,0.9923,0.9923,0.0,3,3,0,130,133,4,1
stage1_train_clean20_subset,e52960d31f8bddf85400259beb4521383f5ceface1080be3429f2f926cc9b5c2,cellpose_cpsam,Cellpose-SAM,gaussian_noise,0.981,0.9647,0.0163,0.0166,0.9699,0.984,-0.0141,0.9923,0.9462,0.0462,3,5,2,130,125,2,7
stage1_train_clean20_subset,e52960d31f8bddf85400259beb4521383f5ceface1080be3429f2f926cc9b5c2,cellpose_cpsam,Cellpose-SAM,poisson_noise,0.981,0.969,0.012,0.0122,0.9699,0.9766,-0.0066,0.9923,0.9615,0.0308,3,2,-1,130,128,3,5
stage1_train_clean20_subset,e52960d31f8bddf85400259beb4521383f5ceface1080be3429f2f926cc9b5c2,cellpose_cpsam,Cellpose-SAM,gaussian_blur,0.981,0.9846,-0.0036,-0.0037,0.9699,0.9846,-0.0147,0.9923,0.9846,0.0077,3,0,-3,130,130,2,2
stage1_train_clean20_subset,e52960d31f8bddf85400259beb4521383f5ceface1080be3429f2f926cc9b5c2,cellpose_cpsam,Cellpose-SAM,downsample_upsample,0.981,0.9846,-0.0036,-0.0037,0.9699,0.9846,-0.0147,0.9923,0.9846,0.0077,3,0,-3,130,130,2,2
stage1_train_clean20_subset,e52960d31f8bddf85400259beb4521383f5ceface1080be3429f2f926cc9b5c2,cellpose_cpsam,Cellpose-SAM,intensity_scale,0.981,0.981,0.0,0.0,0.9699,0.9699,0.0,0.9923,0.9923,0.0,3,3,0,130,133,4,1
stage1_train_clean20_subset,e52960d31f8bddf85400259beb4521383f5ceface1080be3429f2f926cc9b5c2,cellpose_cpsam,Cellpose-SAM,contrast_inversion,0.981,0.9771,0.0039,0.004,0.9699,0.9697,0.0002,0.9923,0.9846,0.0077,3,2,-1,130,132,4,2
stage1_train_clean20_subset,f29fd9c52e04403cd2c7d43b6fe2479292e53b2f61969d25256d2d2aca7c6a81,cellpose_cpsam,Cellpose-SAM,clean,0.8533,0.8533,0.0,0.0,0.929,0.929,0.0,0.7889,0.7889,0.0,30,30,0,199,169,12,42
stage1_train_clean20_subset,f29fd9c52e04403cd2c7d43b6fe2479292e53b2f61969d25256d2d2aca7c6a81,cellpose_cpsam,Cellpose-SAM,gaussian_noise,0.8533,0.7945,0.0587,0.0688,0.929,0.8735,0.0555,0.7889,0.7286,0.0603,30,33,3,199,166,21,54
stage1_train_clean20_subset,f29fd9c52e04403cd2c7d43b6fe2479292e53b2f61969d25256d2d2aca7c6a81,cellpose_cpsam,Cellpose-SAM,poisson_noise,0.8533,0.876,-0.0227,-0.0266,0.929,0.9222,0.0068,0.7889,0.8342,-0.0452,30,19,-11,199,180,14,33
stage1_train_clean20_subset,f29fd9c52e04403cd2c7d43b6fe2479292e53b2f61969d25256d2d2aca7c6a81,cellpose_cpsam,Cellpose-SAM,gaussian_blur,0.8533,0.8362,0.0171,0.02,0.929,0.9548,-0.0258,0.7889,0.7437,0.0452,30,44,14,199,155,7,51
stage1_train_clean20_subset,f29fd9c52e04403cd2c7d43b6fe2479292e53b2f61969d25256d2d2aca7c6a81,cellpose_cpsam,Cellpose-SAM,downsample_upsample,0.8533,0.8492,0.0041,0.0048,0.929,0.956,-0.027,0.7889,0.7638,0.0251,30,40,10,199,159,7,47
stage1_train_clean20_subset,f29fd9c52e04403cd2c7d43b6fe2479292e53b2f61969d25256d2d2aca7c6a81,cellpose_cpsam,Cellpose-SAM,intensity_scale,0.8533,0.9143,-0.061,-0.0715,0.929,0.9462,-0.0172,0.7889,0.8844,-0.0955,30,13,-17,199,186,10,23
stage1_train_clean20_subset,f29fd9c52e04403cd2c7d43b6fe2479292e53b2f61969d25256d2d2aca7c6a81,cellpose_cpsam,Cellpose-SAM,contrast_inversion,0.8533,0.8633,-0.01,-0.0117,0.929,0.9253,0.0037,0.7889,0.809,-0.0201,30,25,-5,199,174,13,38
stage1_train_clean20_subset,ff599c7301daa1f783924ac8cbe3ce7b42878f15a39c2d19659189951f540f48,cellpose_cpsam,Cellpose-SAM,clean,1.0,1.0,0.0,0.0,1.0,1.0,0.0,1.0,1.0,0.0,0,0,0,24,24,0,0
stage1_train_clean20_subset,ff599c7301daa1f783924ac8cbe3ce7b42878f15a39c2d19659189951f540f48,cellpose_cpsam,Cellpose-SAM,gaussian_noise,1.0,0.9388,0.0612,0.0612,1.0,0.92,0.08,1.0,0.9583,0.0417,0,1,1,24,25,2,1
stage1_train_clean20_subset,ff599c7301daa1f783924ac8cbe3ce7b42878f15a39c2d19659189951f540f48,cellpose_cpsam,Cellpose-SAM,poisson_noise,1.0,0.9583,0.0417,0.0417,1.0,0.9583,0.0417,1.0,0.9583,0.0417,0,0,0,24,24,1,1
stage1_train_clean20_subset,ff599c7301daa1f783924ac8cbe3ce7b42878f15a39c2d19659189951f540f48,cellpose_cpsam,Cellpose-SAM,gaussian_blur,1.0,1.0,0.0,0.0,1.0,1.0,0.0,1.0,1.0,0.0,0,0,0,24,24,0,0
stage1_train_clean20_subset,ff599c7301daa1f783924ac8cbe3ce7b42878f15a39c2d19659189951f540f48,cellpose_cpsam,Cellpose-SAM,downsample_upsample,1.0,1.0,0.0,0.0,1.0,1.0,0.0,1.0,1.0,0.0,0,0,0,24,24,0,0
stage1_train_clean20_subset,ff599c7301daa1f783924ac8cbe3ce7b42878f15a39c2d19659189951f540f48,cellpose_cpsam,Cellpose-SAM,intensity_scale,1.0,1.0,0.0,0.0,1.0,1.0,0.0,1.0,1.0,0.0,0,0,0,24,24,0,0
stage1_train_clean20_subset,ff599c7301daa1f783924ac8cbe3ce7b42878f15a39c2d19659189951f540f48,cellpose_cpsam,Cellpose-SAM,contrast_inversion,1.0,1.0,0.0,0.0,1.0,1.0,0.0,1.0,1.0,0.0,0,0,0,24,24,0,0
stage1_train_clean20_subset,00071198d059ba7f5914a526d124d28e6d010c92466da21d4a04cd5413362552,sam2_amg,SAM2 AMG,clean,0.0,0.0,0.0,,0.0,0.0,0.0,0.0,0.0,0.0,23,23,0,27,4,4,27
stage1_train_clean20_subset,00071198d059ba7f5914a526d124d28e6d010c92466da21d4a04cd5413362552,sam2_amg,SAM2 AMG,gaussian_noise,0.0,0.0,0.0,,0.0,0.0,0.0,0.0,0.0,0.0,23,26,3,27,1,1,27
stage1_train_clean20_subset,00071198d059ba7f5914a526d124d28e6d010c92466da21d4a04cd5413362552,sam2_amg,SAM2 AMG,poisson_noise,0.0,0.0,0.0,,0.0,0.0,0.0,0.0,0.0,0.0,23,26,3,27,1,1,27
stage1_train_clean20_subset,00071198d059ba7f5914a526d124d28e6d010c92466da21d4a04cd5413362552,sam2_amg,SAM2 AMG,gaussian_blur,0.0,0.0,0.0,,0.0,0.0,0.0,0.0,0.0,0.0,23,26,3,27,1,1,27
stage1_train_clean20_subset,00071198d059ba7f5914a526d124d28e6d010c92466da21d4a04cd5413362552,sam2_amg,SAM2 AMG,downsample_upsample,0.0,0.0,0.0,,0.0,0.0,0.0,0.0,0.0,0.0,23,26,3,27,1,1,27
stage1_train_clean20_subset,00071198d059ba7f5914a526d124d28e6d010c92466da21d4a04cd5413362552,sam2_amg,SAM2 AMG,intensity_scale,0.0,0.0,0.0,,0.0,0.0,0.0,0.0,0.0,0.0,23,26,3,27,1,1,27
stage1_train_clean20_subset,00071198d059ba7f5914a526d124d28e6d010c92466da21d4a04cd5413362552,sam2_amg,SAM2 AMG,contrast_inversion,0.0,0.0,0.0,,0.0,0.0,0.0,0.0,0.0,0.0,23,26,3,27,1,1,27
stage1_train_clean20_subset,0c6507d493bf79b2ba248c5cca3d14df8b67328b89efa5f4a32f97a06a88c92c,sam2_amg,SAM2 AMG,clean,0.2857,0.2857,0.0,0.0,0.4286,0.4286,0.0,0.2143,0.2143,0.0,14,14,0,28,14,8,22
stage1_train_clean20_subset,0c6507d493bf79b2ba248c5cca3d14df8b67328b89efa5f4a32f97a06a88c92c,sam2_amg,SAM2 AMG,gaussian_noise,0.2857,0.0,0.2857,1.0,0.4286,0.0,0.4286,0.2143,0.0,0.2143,14,27,13,28,1,1,28
stage1_train_clean20_subset,0c6507d493bf79b2ba248c5cca3d14df8b67328b89efa5f4a32f97a06a88c92c,sam2_amg,SAM2 AMG,poisson_noise,0.2857,0.0,0.2857,1.0,0.4286,0.0,0.4286,0.2143,0.0,0.2143,14,26,12,28,2,2,28
stage1_train_clean20_subset,0c6507d493bf79b2ba248c5cca3d14df8b67328b89efa5f4a32f97a06a88c92c,sam2_amg,SAM2 AMG,gaussian_blur,0.2857,0.0,0.2857,1.0,0.4286,0.0,0.4286,0.2143,0.0,0.2143,14,27,13,28,1,1,28
stage1_train_clean20_subset,0c6507d493bf79b2ba248c5cca3d14df8b67328b89efa5f4a32f97a06a88c92c,sam2_amg,SAM2 AMG,downsample_upsample,0.2857,0.0,0.2857,1.0,0.4286,0.0,0.4286,0.2143,0.0,0.2143,14,27,13,28,1,1,28
stage1_train_clean20_subset,0c6507d493bf79b2ba248c5cca3d14df8b67328b89efa5f4a32f97a06a88c92c,sam2_amg,SAM2 AMG,intensity_scale,0.2857,0.0,0.2857,1.0,0.4286,0.0,0.4286,0.2143,0.0,0.2143,14,26,12,28,2,2,28
stage1_train_clean20_subset,0c6507d493bf79b2ba248c5cca3d14df8b67328b89efa5f4a32f97a06a88c92c,sam2_amg,SAM2 AMG,contrast_inversion,0.2857,0.0,0.2857,1.0,0.4286,0.0,0.4286,0.2143,0.0,0.2143,14,27,13,28,1,1,28
stage1_train_clean20_subset,1b518cd2ea84a389c267662840f3d902d0129fab27696215db2488de6d4316c5,sam2_amg,SAM2 AMG,clean,0.9396,0.9396,0.0,0.0,0.9589,0.9589,0.0,0.9211,0.9211,0.0,3,3,0,76,73,3,6
stage1_train_clean20_subset,1b518cd2ea84a389c267662840f3d902d0129fab27696215db2488de6d4316c5,sam2_amg,SAM2 AMG,gaussian_noise,0.9396,0.0,0.9396,1.0,0.9589,0.0,0.9589,0.9211,0.0,0.9211,3,75,72,76,1,1,76
stage1_train_clean20_subset,1b518cd2ea84a389c267662840f3d902d0129fab27696215db2488de6d4316c5,sam2_amg,SAM2 AMG,poisson_noise,0.9396,0.0,0.9396,1.0,0.9589,0.0,0.9589,0.9211,0.0,0.9211,3,69,66,76,7,7,76
stage1_train_clean20_subset,1b518cd2ea84a389c267662840f3d902d0129fab27696215db2488de6d4316c5,sam2_amg,SAM2 AMG,gaussian_blur,0.9396,0.0,0.9396,1.0,0.9589,0.0,0.9589,0.9211,0.0,0.9211,3,75,72,76,1,1,76
stage1_train_clean20_subset,1b518cd2ea84a389c267662840f3d902d0129fab27696215db2488de6d4316c5,sam2_amg,SAM2 AMG,downsample_upsample,0.9396,0.0,0.9396,1.0,0.9589,0.0,0.9589,0.9211,0.0,0.9211,3,75,72,76,1,1,76
stage1_train_clean20_subset,1b518cd2ea84a389c267662840f3d902d0129fab27696215db2488de6d4316c5,sam2_amg,SAM2 AMG,intensity_scale,0.9396,0.0,0.9396,1.0,0.9589,0.0,0.9589,0.9211,0.0,0.9211,3,71,68,76,5,5,76
stage1_train_clean20_subset,1b518cd2ea84a389c267662840f3d902d0129fab27696215db2488de6d4316c5,sam2_amg,SAM2 AMG,contrast_inversion,0.9396,0.0,0.9396,1.0,0.9589,0.0,0.9589,0.9211,0.0,0.9211,3,75,72,76,1,1,76
stage1_train_clean20_subset,2817299fd3b88670e86a9db5651ba24333c299d1d41e5491aabfcd95aee84174,sam2_amg,SAM2 AMG,clean,0.0,0.0,0.0,,0.0,0.0,0.0,0.0,0.0,0.0,15,15,0,16,1,1,16
stage1_train_clean20_subset,2817299fd3b88670e86a9db5651ba24333c299d1d41e5491aabfcd95aee84174,sam2_amg,SAM2 AMG,gaussian_noise,0.0,0.0,0.0,,0.0,0.0,0.0,0.0,0.0,0.0,15,15,0,16,1,1,16
stage1_train_clean20_subset,2817299fd3b88670e86a9db5651ba24333c299d1d41e5491aabfcd95aee84174,sam2_amg,SAM2 AMG,poisson_noise,0.0,0.0,0.0,,0.0,0.0,0.0,0.0,0.0,0.0,15,12,-3,16,4,4,16
stage1_train_clean20_subset,2817299fd3b88670e86a9db5651ba24333c299d1d41e5491aabfcd95aee84174,sam2_amg,SAM2 AMG,gaussian_blur,0.0,0.0,0.0,,0.0,0.0,0.0,0.0,0.0,0.0,15,15,0,16,1,1,16
stage1_train_clean20_subset,2817299fd3b88670e86a9db5651ba24333c299d1d41e5491aabfcd95aee84174,sam2_amg,SAM2 AMG,downsample_upsample,0.0,0.0,0.0,,0.0,0.0,0.0,0.0,0.0,0.0,15,15,0,16,1,1,16
stage1_train_clean20_subset,2817299fd3b88670e86a9db5651ba24333c299d1d41e5491aabfcd95aee84174,sam2_amg,SAM2 AMG,intensity_scale,0.0,0.0,0.0,,0.0,0.0,0.0,0.0,0.0,0.0,15,15,0,16,1,1,16
stage1_train_clean20_subset,2817299fd3b88670e86a9db5651ba24333c299d1d41e5491aabfcd95aee84174,sam2_amg,SAM2 AMG,contrast_inversion,0.0,0.0,0.0,,0.0,0.0,0.0,0.0,0.0,0.0,15,15,0,16,1,1,16
stage1_train_clean20_subset,33a5b0ff232b425796ee6a9dd5b516ff9aad54ca723b4ec490bf5cd9b2e2a731,sam2_amg,SAM2 AMG,clean,0.0,0.0,0.0,,0.0,0.0,0.0,0.0,0.0,0.0,20,20,0,23,3,3,23
stage1_train_clean20_subset,33a5b0ff232b425796ee6a9dd5b516ff9aad54ca723b4ec490bf5cd9b2e2a731,sam2_amg,SAM2 AMG,gaussian_noise,0.0,0.0,0.0,,0.0,0.0,0.0,0.0,0.0,0.0,20,22,2,23,1,1,23
stage1_train_clean20_subset,33a5b0ff232b425796ee6a9dd5b516ff9aad54ca723b4ec490bf5cd9b2e2a731,sam2_amg,SAM2 AMG,poisson_noise,0.0,0.0,0.0,,0.0,0.0,0.0,0.0,0.0,0.0,20,19,-1,23,4,4,23
stage1_train_clean20_subset,33a5b0ff232b425796ee6a9dd5b516ff9aad54ca723b4ec490bf5cd9b2e2a731,sam2_amg,SAM2 AMG,gaussian_blur,0.0,0.0,0.0,,0.0,0.0,0.0,0.0,0.0,0.0,20,22,2,23,1,1,23
stage1_train_clean20_subset,33a5b0ff232b425796ee6a9dd5b516ff9aad54ca723b4ec490bf5cd9b2e2a731,sam2_amg,SAM2 AMG,downsample_upsample,0.0,0.0,0.0,,0.0,0.0,0.0,0.0,0.0,0.0,20,22,2,23,1,1,23
stage1_train_clean20_subset,33a5b0ff232b425796ee6a9dd5b516ff9aad54ca723b4ec490bf5cd9b2e2a731,sam2_amg,SAM2 AMG,intensity_scale,0.0,0.0,0.0,,0.0,0.0,0.0,0.0,0.0,0.0,20,21,1,23,2,2,23
stage1_train_clean20_subset,33a5b0ff232b425796ee6a9dd5b516ff9aad54ca723b4ec490bf5cd9b2e2a731,sam2_amg,SAM2 AMG,contrast_inversion,0.0,0.0,0.0,,0.0,0.0,0.0,0.0,0.0,0.0,20,22,2,23,1,1,23
stage1_train_clean20_subset,4193474b2f1c72f735b13633b219d9cabdd43c21d9c2bb4dfc4809f104ba4c06,sam2_amg,SAM2 AMG,clean,0.381,0.381,0.0,0.0,0.4444,0.4444,0.0,0.3333,0.3333,0.0,3,3,0,12,9,5,8
stage1_train_clean20_subset,4193474b2f1c72f735b13633b219d9cabdd43c21d9c2bb4dfc4809f104ba4c06,sam2_amg,SAM2 AMG,gaussian_noise,0.381,0.0,0.381,1.0,0.4444,0.0,0.4444,0.3333,0.0,0.3333,3,11,8,12,1,1,12
stage1_train_clean20_subset,4193474b2f1c72f735b13633b219d9cabdd43c21d9c2bb4dfc4809f104ba4c06,sam2_amg,SAM2 AMG,poisson_noise,0.381,0.4444,-0.0635,-0.1667,0.4444,0.6667,-0.2222,0.3333,0.3333,0.0,3,6,3,12,6,2,8
stage1_train_clean20_subset,4193474b2f1c72f735b13633b219d9cabdd43c21d9c2bb4dfc4809f104ba4c06,sam2_amg,SAM2 AMG,gaussian_blur,0.381,0.0,0.381,1.0,0.4444,0.0,0.4444,0.3333,0.0,0.3333,3,11,8,12,1,1,12
stage1_train_clean20_subset,4193474b2f1c72f735b13633b219d9cabdd43c21d9c2bb4dfc4809f104ba4c06,sam2_amg,SAM2 AMG,downsample_upsample,0.381,0.0,0.381,1.0,0.4444,0.0,0.4444,0.3333,0.0,0.3333,3,11,8,12,1,1,12
stage1_train_clean20_subset,4193474b2f1c72f735b13633b219d9cabdd43c21d9c2bb4dfc4809f104ba4c06,sam2_amg,SAM2 AMG,intensity_scale,0.381,0.1053,0.2757,0.7237,0.4444,0.1429,0.3016,0.3333,0.0833,0.25,3,5,2,12,7,6,11
stage1_train_clean20_subset,4193474b2f1c72f735b13633b219d9cabdd43c21d9c2bb4dfc4809f104ba4c06,sam2_amg,SAM2 AMG,contrast_inversion,0.381,0.0,0.381,1.0,0.4444,0.0,0.4444,0.3333,0.0,0.3333,3,11,8,12,1,1,12
stage1_train_clean20_subset,4e07a653352b30bb95b60ebc6c57afbc7215716224af731c51ff8d430788cd40,sam2_amg,SAM2 AMG,clean,0.0591,0.0591,0.0,0.0,0.0896,0.0896,0.0,0.0441,0.0441,0.0,69,69,0,136,67,61,130
stage1_train_clean20_subset,4e07a653352b30bb95b60ebc6c57afbc7215716224af731c51ff8d430788cd40,sam2_amg,SAM2 AMG,gaussian_noise,0.0591,0.0851,-0.026,-0.4397,0.0896,0.1538,-0.0643,0.0441,0.0588,-0.0147,69,84,15,136,52,44,128
stage1_train_clean20_subset,4e07a653352b30bb95b60ebc6c57afbc7215716224af731c51ff8d430788cd40,sam2_amg,SAM2 AMG,poisson_noise,0.0591,0.0,0.0591,1.0,0.0896,0.0,0.0896,0.0441,0.0,0.0441,69,113,44,136,23,23,136
stage1_train_clean20_subset,4e07a653352b30bb95b60ebc6c57afbc7215716224af731c51ff8d430788cd40,sam2_amg,SAM2 AMG,gaussian_blur,0.0591,0.0398,0.0193,0.3267,0.0896,0.0615,0.028,0.0441,0.0294,0.0147,69,71,2,136,65,61,132
stage1_train_clean20_subset,4e07a653352b30bb95b60ebc6c57afbc7215716224af731c51ff8d430788cd40,sam2_amg,SAM2 AMG,downsample_upsample,0.0591,0.0312,0.0279,0.4714,0.0896,0.0536,0.036,0.0441,0.0221,0.0221,69,80,11,136,56,53,133
stage1_train_clean20_subset,4e07a653352b30bb95b60ebc6c57afbc7215716224af731c51ff8d430788cd40,sam2_amg,SAM2 AMG,intensity_scale,0.0591,0.051,0.0081,0.1369,0.0896,0.0833,0.0062,0.0441,0.0368,0.0074,69,76,7,136,60,55,131
stage1_train_clean20_subset,4e07a653352b30bb95b60ebc6c57afbc7215716224af731c51ff8d430788cd40,sam2_amg,SAM2 AMG,contrast_inversion,0.0591,0.0,0.0591,1.0,0.0896,0.0,0.0896,0.0441,0.0,0.0441,69,135,66,136,1,1,136
stage1_train_clean20_subset,5afcbfd0dd64392aa1e233b996d0bfb4354ee7119f30ae111c33d0fe4df11590,sam2_amg,SAM2 AMG,clean,0.9455,0.9455,0.0,0.0,0.9286,0.9286,0.0,0.963,0.963,0.0,1,1,0,27,28,2,1
stage1_train_clean20_subset,5afcbfd0dd64392aa1e233b996d0bfb4354ee7119f30ae111c33d0fe4df11590,sam2_amg,SAM2 AMG,gaussian_noise,0.9455,0.0,0.9455,1.0,0.9286,0.0,0.9286,0.963,0.0,0.963,1,26,25,27,1,1,27
stage1_train_clean20_subset,5afcbfd0dd64392aa1e233b996d0bfb4354ee7119f30ae111c33d0fe4df11590,sam2_amg,SAM2 AMG,poisson_noise,0.9455,0.9811,-0.0357,-0.0377,0.9286,1.0,-0.0714,0.963,0.963,0.0,1,1,0,27,26,0,1
stage1_train_clean20_subset,5afcbfd0dd64392aa1e233b996d0bfb4354ee7119f30ae111c33d0fe4df11590,sam2_amg,SAM2 AMG,gaussian_blur,0.9455,0.0,0.9455,1.0,0.9286,0.0,0.9286,0.963,0.0,0.963,1,26,25,27,1,1,27
stage1_train_clean20_subset,5afcbfd0dd64392aa1e233b996d0bfb4354ee7119f30ae111c33d0fe4df11590,sam2_amg,SAM2 AMG,downsample_upsample,0.9455,0.0,0.9455,1.0,0.9286,0.0,0.9286,0.963,0.0,0.963,1,26,25,27,1,1,27
stage1_train_clean20_subset,5afcbfd0dd64392aa1e233b996d0bfb4354ee7119f30ae111c33d0fe4df11590,sam2_amg,SAM2 AMG,intensity_scale,0.9455,0.88,0.0655,0.0692,0.9286,0.9565,-0.028,0.963,0.8148,0.1481,1,4,3,27,23,1,5
stage1_train_clean20_subset,5afcbfd0dd64392aa1e233b996d0bfb4354ee7119f30ae111c33d0fe4df11590,sam2_amg,SAM2 AMG,contrast_inversion,0.9455,0.0,0.9455,1.0,0.9286,0.0,0.9286,0.963,0.0,0.963,1,26,25,27,1,1,27
stage1_train_clean20_subset,66612c188d73e931e1863af2c99d2af782c32f65fd97d224abb40bbadb87263f,sam2_amg,SAM2 AMG,clean,0.8,0.8,0.0,0.0,0.8,0.8,0.0,0.8,0.8,0.0,0,0,0,15,15,3,3
stage1_train_clean20_subset,66612c188d73e931e1863af2c99d2af782c32f65fd97d224abb40bbadb87263f,sam2_amg,SAM2 AMG,gaussian_noise,0.8,0.0,0.8,1.0,0.8,0.0,0.8,0.8,0.0,0.8,0,14,14,15,1,1,15
stage1_train_clean20_subset,66612c188d73e931e1863af2c99d2af782c32f65fd97d224abb40bbadb87263f,sam2_amg,SAM2 AMG,poisson_noise,0.8,0.0952,0.7048,0.881,0.8,0.1667,0.6333,0.8,0.0667,0.7333,0,9,9,15,6,5,14
stage1_train_clean20_subset,66612c188d73e931e1863af2c99d2af782c32f65fd97d224abb40bbadb87263f,sam2_amg,SAM2 AMG,gaussian_blur,0.8,0.0,0.8,1.0,0.8,0.0,0.8,0.8,0.0,0.8,0,14,14,15,1,1,15
stage1_train_clean20_subset,66612c188d73e931e1863af2c99d2af782c32f65fd97d224abb40bbadb87263f,sam2_amg,SAM2 AMG,downsample_upsample,0.8,0.0,0.8,1.0,0.8,0.0,0.8,0.8,0.0,0.8,0,14,14,15,1,1,15
stage1_train_clean20_subset,66612c188d73e931e1863af2c99d2af782c32f65fd97d224abb40bbadb87263f,sam2_amg,SAM2 AMG,intensity_scale,0.8,0.24,0.56,0.7,0.8,0.3,0.5,0.8,0.2,0.6,0,5,5,15,10,7,12
stage1_train_clean20_subset,66612c188d73e931e1863af2c99d2af782c32f65fd97d224abb40bbadb87263f,sam2_amg,SAM2 AMG,contrast_inversion,0.8,0.0,0.8,1.0,0.8,0.0,0.8,0.8,0.0,0.8,0,14,14,15,1,1,15
stage1_train_clean20_subset,76c44d1addac92a65f1331f2d93f4e3b130bd4e538a6e5239c3ac1f4c403608a,sam2_amg,SAM2 AMG,clean,0.2373,0.2373,0.0,0.0,0.2917,0.2917,0.0,0.2,0.2,0.0,11,11,0,35,24,17,28
stage1_train_clean20_subset,76c44d1addac92a65f1331f2d93f4e3b130bd4e538a6e5239c3ac1f4c403608a,sam2_amg,SAM2 AMG,gaussian_noise,0.2373,0.0,0.2373,1.0,0.2917,0.0,0.2917,0.2,0.0,0.2,11,34,23,35,1,1,35
stage1_train_clean20_subset,76c44d1addac92a65f1331f2d93f4e3b130bd4e538a6e5239c3ac1f4c403608a,sam2_amg,SAM2 AMG,poisson_noise,0.2373,0.1176,0.1196,0.5042,0.2917,0.1875,0.1042,0.2,0.0857,0.1143,11,19,8,35,16,13,32
stage1_train_clean20_subset,76c44d1addac92a65f1331f2d93f4e3b130bd4e538a6e5239c3ac1f4c403608a,sam2_amg,SAM2 AMG,gaussian_blur,0.2373,0.0,0.2373,1.0,0.2917,0.0,0.2917,0.2,0.0,0.2,11,34,23,35,1,1,35
stage1_train_clean20_subset,76c44d1addac92a65f1331f2d93f4e3b130bd4e538a6e5239c3ac1f4c403608a,sam2_amg,SAM2 AMG,downsample_upsample,0.2373,0.0,0.2373,1.0,0.2917,0.0,0.2917,0.2,0.0,0.2,11,34,23,35,1,1,35
stage1_train_clean20_subset,76c44d1addac92a65f1331f2d93f4e3b130bd4e538a6e5239c3ac1f4c403608a,sam2_amg,SAM2 AMG,intensity_scale,0.2373,0.0513,0.186,0.7839,0.2917,0.25,0.0417,0.2,0.0286,0.1714,11,31,20,35,4,3,34
stage1_train_clean20_subset,76c44d1addac92a65f1331f2d93f4e3b130bd4e538a6e5239c3ac1f4c403608a,sam2_amg,SAM2 AMG,contrast_inversion,0.2373,0.0,0.2373,1.0,0.2917,0.0,0.2917,0.2,0.0,0.2,11,34,23,35,1,1,35
stage1_train_clean20_subset,853a4c67900c411abd04467f7bc7813d3c58a5f565c8b0807e13c6e6dea21344,sam2_amg,SAM2 AMG,clean,0.2857,0.2857,0.0,0.0,0.4,0.4,0.0,0.2222,0.2222,0.0,8,8,0,18,10,6,14
stage1_train_clean20_subset,853a4c67900c411abd04467f7bc7813d3c58a5f565c8b0807e13c6e6dea21344,sam2_amg,SAM2 AMG,gaussian_noise,0.2857,0.0,0.2857,1.0,0.4,0.0,0.4,0.2222,0.0,0.2222,8,17,9,18,1,1,18
stage1_train_clean20_subset,853a4c67900c411abd04467f7bc7813d3c58a5f565c8b0807e13c6e6dea21344,sam2_amg,SAM2 AMG,poisson_noise,0.2857,0.6429,-0.3571,-1.25,0.4,0.9,-0.5,0.2222,0.5,-0.2778,8,8,0,18,10,1,9
stage1_train_clean20_subset,853a4c67900c411abd04467f7bc7813d3c58a5f565c8b0807e13c6e6dea21344,sam2_amg,SAM2 AMG,gaussian_blur,0.2857,0.0,0.2857,1.0,0.4,0.0,0.4,0.2222,0.0,0.2222,8,17,9,18,1,1,18
stage1_train_clean20_subset,853a4c67900c411abd04467f7bc7813d3c58a5f565c8b0807e13c6e6dea21344,sam2_amg,SAM2 AMG,downsample_upsample,0.2857,0.0,0.2857,1.0,0.4,0.0,0.4,0.2222,0.0,0.2222,8,17,9,18,1,1,18
stage1_train_clean20_subset,853a4c67900c411abd04467f7bc7813d3c58a5f565c8b0807e13c6e6dea21344,sam2_amg,SAM2 AMG,intensity_scale,0.2857,0.0,0.2857,1.0,0.4,0.0,0.4,0.2222,0.0,0.2222,8,14,6,18,4,4,18
stage1_train_clean20_subset,853a4c67900c411abd04467f7bc7813d3c58a5f565c8b0807e13c6e6dea21344,sam2_amg,SAM2 AMG,contrast_inversion,0.2857,0.0,0.2857,1.0,0.4,0.0,0.4,0.2222,0.0,0.2222,8,17,9,18,1,1,18
stage1_train_clean20_subset,942d56861fc83e195e9c559a000bb86627d8682f8dcc2300818458e5b6850dd0,sam2_amg,SAM2 AMG,clean,0.0,0.0,0.0,,0.0,0.0,0.0,0.0,0.0,0.0,50,50,0,51,1,1,51
stage1_train_clean20_subset,942d56861fc83e195e9c559a000bb86627d8682f8dcc2300818458e5b6850dd0,sam2_amg,SAM2 AMG,gaussian_noise,0.0,0.0,0.0,,0.0,0.0,0.0,0.0,0.0,0.0,50,50,0,51,1,1,51
stage1_train_clean20_subset,942d56861fc83e195e9c559a000bb86627d8682f8dcc2300818458e5b6850dd0,sam2_amg,SAM2 AMG,poisson_noise,0.0,0.0,0.0,,0.0,0.0,0.0,0.0,0.0,0.0,50,50,0,51,1,1,51
stage1_train_clean20_subset,942d56861fc83e195e9c559a000bb86627d8682f8dcc2300818458e5b6850dd0,sam2_amg,SAM2 AMG,gaussian_blur,0.0,0.0,0.0,,0.0,0.0,0.0,0.0,0.0,0.0,50,50,0,51,1,1,51
stage1_train_clean20_subset,942d56861fc83e195e9c559a000bb86627d8682f8dcc2300818458e5b6850dd0,sam2_amg,SAM2 AMG,downsample_upsample,0.0,0.0,0.0,,0.0,0.0,0.0,0.0,0.0,0.0,50,50,0,51,1,1,51
stage1_train_clean20_subset,942d56861fc83e195e9c559a000bb86627d8682f8dcc2300818458e5b6850dd0,sam2_amg,SAM2 AMG,intensity_scale,0.0,0.0,0.0,,0.0,0.0,0.0,0.0,0.0,0.0,50,50,0,51,1,1,51
stage1_train_clean20_subset,942d56861fc83e195e9c559a000bb86627d8682f8dcc2300818458e5b6850dd0,sam2_amg,SAM2 AMG,contrast_inversion,0.0,0.0,0.0,,0.0,0.0,0.0,0.0,0.0,0.0,50,50,0,51,1,1,51
stage1_train_clean20_subset,a1777737270c5f96c4523dff76e4097756f8f7d4c9d59bac079e31f9510deabd,sam2_amg,SAM2 AMG,clean,0.8214,0.8214,0.0,0.0,0.7667,0.7667,0.0,0.8846,0.8846,0.0,4,4,0,26,30,7,3
stage1_train_clean20_subset,a1777737270c5f96c4523dff76e4097756f8f7d4c9d59bac079e31f9510deabd,sam2_amg,SAM2 AMG,gaussian_noise,0.8214,0.0,0.8214,1.0,0.7667,0.0,0.7667,0.8846,0.0,0.8846,4,25,21,26,1,1,26
stage1_train_clean20_subset,a1777737270c5f96c4523dff76e4097756f8f7d4c9d59bac079e31f9510deabd,sam2_amg,SAM2 AMG,poisson_noise,0.8214,0.88,-0.0586,-0.0713,0.7667,0.9167,-0.15,0.8846,0.8462,0.0385,4,2,-2,26,24,2,4
stage1_train_clean20_subset,a1777737270c5f96c4523dff76e4097756f8f7d4c9d59bac079e31f9510deabd,sam2_amg,SAM2 AMG,gaussian_blur,0.8214,0.0,0.8214,1.0,0.7667,0.0,0.7667,0.8846,0.0,0.8846,4,25,21,26,1,1,26
stage1_train_clean20_subset,a1777737270c5f96c4523dff76e4097756f8f7d4c9d59bac079e31f9510deabd,sam2_amg,SAM2 AMG,downsample_upsample,0.8214,0.0,0.8214,1.0,0.7667,0.0,0.7667,0.8846,0.0,0.8846,4,25,21,26,1,1,26
stage1_train_clean20_subset,a1777737270c5f96c4523dff76e4097756f8f7d4c9d59bac079e31f9510deabd,sam2_amg,SAM2 AMG,intensity_scale,0.8214,0.0,0.8214,1.0,0.7667,0.0,0.7667,0.8846,0.0,0.8846,4,25,21,26,1,1,26
stage1_train_clean20_subset,a1777737270c5f96c4523dff76e4097756f8f7d4c9d59bac079e31f9510deabd,sam2_amg,SAM2 AMG,contrast_inversion,0.8214,0.0,0.8214,1.0,0.7667,0.0,0.7667,0.8846,0.0,0.8846,4,25,21,26,1,1,26
stage1_train_clean20_subset,ad473063dab4bf4f2461d9a99a9c0166d4871f156516d9e0a523484e7cf2258d,sam2_amg,SAM2 AMG,clean,0.0,0.0,0.0,,0.0,0.0,0.0,0.0,0.0,0.0,76,76,0,84,8,8,84
stage1_train_clean20_subset,ad473063dab4bf4f2461d9a99a9c0166d4871f156516d9e0a523484e7cf2258d,sam2_amg,SAM2 AMG,gaussian_noise,0.0,0.0,0.0,,0.0,0.0,0.0,0.0,0.0,0.0,76,83,7,84,1,1,84
stage1_train_clean20_subset,ad473063dab4bf4f2461d9a99a9c0166d4871f156516d9e0a523484e7cf2258d,sam2_amg,SAM2 AMG,poisson_noise,0.0,0.0,0.0,,0.0,0.0,0.0,0.0,0.0,0.0,76,78,2,84,6,6,84
stage1_train_clean20_subset,ad473063dab4bf4f2461d9a99a9c0166d4871f156516d9e0a523484e7cf2258d,sam2_amg,SAM2 AMG,gaussian_blur,0.0,0.0,0.0,,0.0,0.0,0.0,0.0,0.0,0.0,76,83,7,84,1,1,84
stage1_train_clean20_subset,ad473063dab4bf4f2461d9a99a9c0166d4871f156516d9e0a523484e7cf2258d,sam2_amg,SAM2 AMG,downsample_upsample,0.0,0.0,0.0,,0.0,0.0,0.0,0.0,0.0,0.0,76,83,7,84,1,1,84
stage1_train_clean20_subset,ad473063dab4bf4f2461d9a99a9c0166d4871f156516d9e0a523484e7cf2258d,sam2_amg,SAM2 AMG,intensity_scale,0.0,0.0,0.0,,0.0,0.0,0.0,0.0,0.0,0.0,76,77,1,84,7,7,84
stage1_train_clean20_subset,ad473063dab4bf4f2461d9a99a9c0166d4871f156516d9e0a523484e7cf2258d,sam2_amg,SAM2 AMG,contrast_inversion,0.0,0.0,0.0,,0.0,0.0,0.0,0.0,0.0,0.0,76,83,7,84,1,1,84
stage1_train_clean20_subset,b909aa8f6f4bec37c3fb6ff5a85d166162d07983506fcc57be742b0f9dbafbf7,sam2_amg,SAM2 AMG,clean,0.5556,0.5556,0.0,0.0,0.5556,0.5556,0.0,0.5556,0.5556,0.0,0,0,0,9,9,4,4
stage1_train_clean20_subset,b909aa8f6f4bec37c3fb6ff5a85d166162d07983506fcc57be742b0f9dbafbf7,sam2_amg,SAM2 AMG,gaussian_noise,0.5556,0.0,0.5556,1.0,0.5556,0.0,0.5556,0.5556,0.0,0.5556,0,8,8,9,1,1,9
stage1_train_clean20_subset,b909aa8f6f4bec37c3fb6ff5a85d166162d07983506fcc57be742b0f9dbafbf7,sam2_amg,SAM2 AMG,poisson_noise,0.5556,0.0,0.5556,1.0,0.5556,0.0,0.5556,0.5556,0.0,0.5556,0,2,2,9,7,7,9
stage1_train_clean20_subset,b909aa8f6f4bec37c3fb6ff5a85d166162d07983506fcc57be742b0f9dbafbf7,sam2_amg,SAM2 AMG,gaussian_blur,0.5556,0.0,0.5556,1.0,0.5556,0.0,0.5556,0.5556,0.0,0.5556,0,8,8,9,1,1,9
stage1_train_clean20_subset,b909aa8f6f4bec37c3fb6ff5a85d166162d07983506fcc57be742b0f9dbafbf7,sam2_amg,SAM2 AMG,downsample_upsample,0.5556,0.0,0.5556,1.0,0.5556,0.0,0.5556,0.5556,0.0,0.5556,0,8,8,9,1,1,9
stage1_train_clean20_subset,b909aa8f6f4bec37c3fb6ff5a85d166162d07983506fcc57be742b0f9dbafbf7,sam2_amg,SAM2 AMG,intensity_scale,0.5556,0.5882,-0.0327,-0.0588,0.5556,0.625,-0.0694,0.5556,0.5556,0.0,0,1,1,9,8,3,4
stage1_train_clean20_subset,b909aa8f6f4bec37c3fb6ff5a85d166162d07983506fcc57be742b0f9dbafbf7,sam2_amg,SAM2 AMG,contrast_inversion,0.5556,0.0,0.5556,1.0,0.5556,0.0,0.5556,0.5556,0.0,0.5556,0,8,8,9,1,1,9
stage1_train_clean20_subset,c6216cdc42f61bc345434986db42e2ef9b9741aee3210b7a808e952e319d2305,sam2_amg,SAM2 AMG,clean,0.4815,0.4815,0.0,0.0,0.5909,0.5909,0.0,0.4062,0.4062,0.0,10,10,0,32,22,9,19
stage1_train_clean20_subset,c6216cdc42f61bc345434986db42e2ef9b9741aee3210b7a808e952e319d2305,sam2_amg,SAM2 AMG,gaussian_noise,0.4815,0.0,0.4815,1.0,0.5909,0.0,0.5909,0.4062,0.0,0.4062,10,31,21,32,1,1,32
stage1_train_clean20_subset,c6216cdc42f61bc345434986db42e2ef9b9741aee3210b7a808e952e319d2305,sam2_amg,SAM2 AMG,poisson_noise,0.4815,0.0769,0.4046,0.8402,0.5909,0.1,0.4909,0.4062,0.0625,0.3438,10,12,2,32,20,18,30
stage1_train_clean20_subset,c6216cdc42f61bc345434986db42e2ef9b9741aee3210b7a808e952e319d2305,sam2_amg,SAM2 AMG,gaussian_blur,0.4815,0.0,0.4815,1.0,0.5909,0.0,0.5909,0.4062,0.0,0.4062,10,31,21,32,1,1,32
stage1_train_clean20_subset,c6216cdc42f61bc345434986db42e2ef9b9741aee3210b7a808e952e319d2305,sam2_amg,SAM2 AMG,downsample_upsample,0.4815,0.0,0.4815,1.0,0.5909,0.0,0.5909,0.4062,0.0,0.4062,10,31,21,32,1,1,32
stage1_train_clean20_subset,c6216cdc42f61bc345434986db42e2ef9b9741aee3210b7a808e952e319d2305,sam2_amg,SAM2 AMG,intensity_scale,0.4815,0.3019,0.1796,0.373,0.5909,0.381,0.21,0.4062,0.25,0.1562,10,11,1,32,21,13,24
stage1_train_clean20_subset,c6216cdc42f61bc345434986db42e2ef9b9741aee3210b7a808e952e319d2305,sam2_amg,SAM2 AMG,contrast_inversion,0.4815,0.0,0.4815,1.0,0.5909,0.0,0.5909,0.4062,0.0,0.4062,10,31,21,32,1,1,32
stage1_train_clean20_subset,d7d12a2acc47a94961aeb56fd56e8a0873016af75f5dd10915de9db8af8e4f5e,sam2_amg,SAM2 AMG,clean,0.5143,0.5143,0.0,0.0,0.6923,0.6923,0.0,0.4091,0.4091,0.0,9,9,0,22,13,4,13
stage1_train_clean20_subset,d7d12a2acc47a94961aeb56fd56e8a0873016af75f5dd10915de9db8af8e4f5e,sam2_amg,SAM2 AMG,gaussian_noise,0.5143,0.0,0.5143,1.0,0.6923,0.0,0.6923,0.4091,0.0,0.4091,9,21,12,22,1,1,22
stage1_train_clean20_subset,d7d12a2acc47a94961aeb56fd56e8a0873016af75f5dd10915de9db8af8e4f5e,sam2_amg,SAM2 AMG,poisson_noise,0.5143,0.8095,-0.2952,-0.5741,0.6923,0.85,-0.1577,0.4091,0.7727,-0.3636,9,2,-7,22,20,3,5
stage1_train_clean20_subset,d7d12a2acc47a94961aeb56fd56e8a0873016af75f5dd10915de9db8af8e4f5e,sam2_amg,SAM2 AMG,gaussian_blur,0.5143,0.0,0.5143,1.0,0.6923,0.0,0.6923,0.4091,0.0,0.4091,9,21,12,22,1,1,22
stage1_train_clean20_subset,d7d12a2acc47a94961aeb56fd56e8a0873016af75f5dd10915de9db8af8e4f5e,sam2_amg,SAM2 AMG,downsample_upsample,0.5143,0.0,0.5143,1.0,0.6923,0.0,0.6923,0.4091,0.0,0.4091,9,21,12,22,1,1,22
stage1_train_clean20_subset,d7d12a2acc47a94961aeb56fd56e8a0873016af75f5dd10915de9db8af8e4f5e,sam2_amg,SAM2 AMG,intensity_scale,0.5143,0.0,0.5143,1.0,0.6923,0.0,0.6923,0.4091,0.0,0.4091,9,16,7,22,6,6,22
stage1_train_clean20_subset,d7d12a2acc47a94961aeb56fd56e8a0873016af75f5dd10915de9db8af8e4f5e,sam2_amg,SAM2 AMG,contrast_inversion,0.5143,0.0,0.5143,1.0,0.6923,0.0,0.6923,0.4091,0.0,0.4091,9,21,12,22,1,1,22
stage1_train_clean20_subset,e52960d31f8bddf85400259beb4521383f5ceface1080be3429f2f926cc9b5c2,sam2_amg,SAM2 AMG,clean,0.0,0.0,0.0,,0.0,0.0,0.0,0.0,0.0,0.0,115,115,0,130,15,15,130
stage1_train_clean20_subset,e52960d31f8bddf85400259beb4521383f5ceface1080be3429f2f926cc9b5c2,sam2_amg,SAM2 AMG,gaussian_noise,0.0,0.0,0.0,,0.0,0.0,0.0,0.0,0.0,0.0,115,129,14,130,1,1,130
stage1_train_clean20_subset,e52960d31f8bddf85400259beb4521383f5ceface1080be3429f2f926cc9b5c2,sam2_amg,SAM2 AMG,poisson_noise,0.0,0.0,0.0,,0.0,0.0,0.0,0.0,0.0,0.0,115,124,9,130,6,6,130
stage1_train_clean20_subset,e52960d31f8bddf85400259beb4521383f5ceface1080be3429f2f926cc9b5c2,sam2_amg,SAM2 AMG,gaussian_blur,0.0,0.0,0.0,,0.0,0.0,0.0,0.0,0.0,0.0,115,129,14,130,1,1,130
stage1_train_clean20_subset,e52960d31f8bddf85400259beb4521383f5ceface1080be3429f2f926cc9b5c2,sam2_amg,SAM2 AMG,downsample_upsample,0.0,0.0,0.0,,0.0,0.0,0.0,0.0,0.0,0.0,115,129,14,130,1,1,130
stage1_train_clean20_subset,e52960d31f8bddf85400259beb4521383f5ceface1080be3429f2f926cc9b5c2,sam2_amg,SAM2 AMG,intensity_scale,0.0,0.0,0.0,,0.0,0.0,0.0,0.0,0.0,0.0,115,129,14,130,1,1,130
stage1_train_clean20_subset,e52960d31f8bddf85400259beb4521383f5ceface1080be3429f2f926cc9b5c2,sam2_amg,SAM2 AMG,contrast_inversion,0.0,0.0,0.0,,0.0,0.0,0.0,0.0,0.0,0.0,115,129,14,130,1,1,130
stage1_train_clean20_subset,f29fd9c52e04403cd2c7d43b6fe2479292e53b2f61969d25256d2d2aca7c6a81,sam2_amg,SAM2 AMG,clean,0.0,0.0,0.0,,0.0,0.0,0.0,0.0,0.0,0.0,197,197,0,199,2,2,199
stage1_train_clean20_subset,f29fd9c52e04403cd2c7d43b6fe2479292e53b2f61969d25256d2d2aca7c6a81,sam2_amg,SAM2 AMG,gaussian_noise,0.0,0.0,0.0,,0.0,0.0,0.0,0.0,0.0,0.0,197,198,1,199,1,1,199
stage1_train_clean20_subset,f29fd9c52e04403cd2c7d43b6fe2479292e53b2f61969d25256d2d2aca7c6a81,sam2_amg,SAM2 AMG,poisson_noise,0.0,0.0,0.0,,0.0,0.0,0.0,0.0,0.0,0.0,197,197,0,199,2,2,199
stage1_train_clean20_subset,f29fd9c52e04403cd2c7d43b6fe2479292e53b2f61969d25256d2d2aca7c6a81,sam2_amg,SAM2 AMG,gaussian_blur,0.0,0.0,0.0,,0.0,0.0,0.0,0.0,0.0,0.0,197,198,1,199,1,1,199
stage1_train_clean20_subset,f29fd9c52e04403cd2c7d43b6fe2479292e53b2f61969d25256d2d2aca7c6a81,sam2_amg,SAM2 AMG,downsample_upsample,0.0,0.0,0.0,,0.0,0.0,0.0,0.0,0.0,0.0,197,198,1,199,1,1,199
stage1_train_clean20_subset,f29fd9c52e04403cd2c7d43b6fe2479292e53b2f61969d25256d2d2aca7c6a81,sam2_amg,SAM2 AMG,intensity_scale,0.0,0.0,0.0,,0.0,0.0,0.0,0.0,0.0,0.0,197,197,0,199,2,2,199
stage1_train_clean20_subset,f29fd9c52e04403cd2c7d43b6fe2479292e53b2f61969d25256d2d2aca7c6a81,sam2_amg,SAM2 AMG,contrast_inversion,0.0,0.0,0.0,,0.0,0.0,0.0,0.0,0.0,0.0,197,197,0,199,2,2,199
stage1_train_clean20_subset,ff599c7301daa1f783924ac8cbe3ce7b42878f15a39c2d19659189951f540f48,sam2_amg,SAM2 AMG,clean,0.902,0.902,0.0,0.0,0.8519,0.8519,0.0,0.9583,0.9583,0.0,3,3,0,24,27,4,1
stage1_train_clean20_subset,ff599c7301daa1f783924ac8cbe3ce7b42878f15a39c2d19659189951f540f48,sam2_amg,SAM2 AMG,gaussian_noise,0.902,0.0,0.902,1.0,0.8519,0.0,0.8519,0.9583,0.0,0.9583,3,23,20,24,1,1,24
stage1_train_clean20_subset,ff599c7301daa1f783924ac8cbe3ce7b42878f15a39c2d19659189951f540f48,sam2_amg,SAM2 AMG,poisson_noise,0.902,0.9583,-0.0564,-0.0625,0.8519,0.9583,-0.1065,0.9583,0.9583,0.0,3,0,-3,24,24,1,1
stage1_train_clean20_subset,ff599c7301daa1f783924ac8cbe3ce7b42878f15a39c2d19659189951f540f48,sam2_amg,SAM2 AMG,gaussian_blur,0.902,0.0,0.902,1.0,0.8519,0.0,0.8519,0.9583,0.0,0.9583,3,23,20,24,1,1,24
stage1_train_clean20_subset,ff599c7301daa1f783924ac8cbe3ce7b42878f15a39c2d19659189951f540f48,sam2_amg,SAM2 AMG,downsample_upsample,0.902,0.0,0.902,1.0,0.8519,0.0,0.8519,0.9583,0.0,0.9583,3,23,20,24,1,1,24
stage1_train_clean20_subset,ff599c7301daa1f783924ac8cbe3ce7b42878f15a39c2d19659189951f540f48,sam2_amg,SAM2 AMG,intensity_scale,0.902,0.0,0.902,1.0,0.8519,0.0,0.8519,0.9583,0.0,0.9583,3,22,19,24,2,2,24
stage1_train_clean20_subset,ff599c7301daa1f783924ac8cbe3ce7b42878f15a39c2d19659189951f540f48,sam2_amg,SAM2 AMG,contrast_inversion,0.902,0.0,0.902,1.0,0.8519,0.0,0.8519,0.9583,0.0,0.9583,3,23,20,24,1,1,24
