split,budget,image_id,source_image_path,checkpoint,iou_threshold,conf,imgsz,latency_ms,true_instances,pred_instances,matched_instances,false_positives,false_negatives,precision,recall,object_f1,mean_matched_iou,mean_matched_dice,count_error,absolute_count_error
val,full_train_pool,c9f305be17312bdb9530fb4f1adc6d29730ddbe0e74730cbf031de174bf437b7,/home/user/cellseg-robustness-diagnostic/data/raw/dsb2018/stage1_train/c9f305be17312bdb9530fb4f1adc6d29730ddbe0e74730cbf031de174bf437b7/images/c9f305be17312bdb9530fb4f1adc6d29730ddbe0e74730cbf031de174bf437b7.png,results/supervised/yolo_label_budget_diagnostic_train_runs/full_train_pool/weights/best.pt,0.5,0.25,512,1495.305,20,20,20,0,0,1.0,1.0,1.0,0.9236292454548602,0.9594717233037411,0,0
val,full_train_pool,cab4875269f44a701c5e58190a1d2f6fcb577ea79d842522dcab20ccb39b7ad2,/home/user/cellseg-robustness-diagnostic/data/raw/dsb2018/stage1_train/cab4875269f44a701c5e58190a1d2f6fcb577ea79d842522dcab20ccb39b7ad2/images/cab4875269f44a701c5e58190a1d2f6fcb577ea79d842522dcab20ccb39b7ad2.png,results/supervised/yolo_label_budget_diagnostic_train_runs/full_train_pool/weights/best.pt,0.5,0.25,512,14.77,14,15,14,1,0,0.9333333333333333,1.0,0.9655172413793104,0.8687136549290806,0.9292049998925017,1,1
val,full_train_pool,cb4df20a83b2f38b394c67f1d9d4aef29f9794d5345da3576318374ec3a11490,/home/user/cellseg-robustness-diagnostic/data/raw/dsb2018/stage1_train/cb4df20a83b2f38b394c67f1d9d4aef29f9794d5345da3576318374ec3a11490/images/cb4df20a83b2f38b394c67f1d9d4aef29f9794d5345da3576318374ec3a11490.png,results/supervised/yolo_label_budget_diagnostic_train_runs/full_train_pool/weights/best.pt,0.5,0.25,512,193.085,250,204,20,184,230,0.09803921568627451,0.08,0.0881057268722467,0.6042379853541345,0.750981682956213,-46,46
val,full_train_pool,cbca32daaae36a872a11da4eaff65d1068ff3f154eedc9d3fc0c214a4e5d32bd,/home/user/cellseg-robustness-diagnostic/data/raw/dsb2018/stage1_train/cbca32daaae36a872a11da4eaff65d1068ff3f154eedc9d3fc0c214a4e5d32bd/images/cbca32daaae36a872a11da4eaff65d1068ff3f154eedc9d3fc0c214a4e5d32bd.png,results/supervised/yolo_label_budget_diagnostic_train_runs/full_train_pool/weights/best.pt,0.5,0.25,512,87.99,112,106,94,12,18,0.8867924528301887,0.8392857142857143,0.8623853211009174,0.7860688015323342,0.8771315990376852,-6,6
val,full_train_pool,cbff60361ded0570e5d50429a1aa51d81471819bc9b38359f03cfef76de0038c,/home/user/cellseg-robustness-diagnostic/data/raw/dsb2018/stage1_train/cbff60361ded0570e5d50429a1aa51d81471819bc9b38359f03cfef76de0038c/images/cbff60361ded0570e5d50429a1aa51d81471819bc9b38359f03cfef76de0038c.png,results/supervised/yolo_label_budget_diagnostic_train_runs/full_train_pool/weights/best.pt,0.5,0.25,512,21.618,76,76,59,17,17,0.7763157894736842,0.7763157894736842,0.7763157894736842,0.7752273064379736,0.8700427345068118,0,0
val,full_train_pool,cc88627344305b9a9b07f8bd042cb074c7a834c13de67ff4b24914ac68f07f6e,/home/user/cellseg-robustness-diagnostic/data/raw/dsb2018/stage1_train/cc88627344305b9a9b07f8bd042cb074c7a834c13de67ff4b24914ac68f07f6e/images/cc88627344305b9a9b07f8bd042cb074c7a834c13de67ff4b24914ac68f07f6e.png,results/supervised/yolo_label_budget_diagnostic_train_runs/full_train_pool/weights/best.pt,0.5,0.25,512,94.015,135,134,133,1,2,0.9925373134328358,0.9851851851851852,0.9888475836431226,0.864011974166251,0.9264602725112596,-1,1
val,full_train_pool,cdab367b30db47061df837c1ae9fa875d6057614f797332d37d3513517d6c694,/home/user/cellseg-robustness-diagnostic/data/raw/dsb2018/stage1_train/cdab367b30db47061df837c1ae9fa875d6057614f797332d37d3513517d6c694/images/cdab367b30db47061df837c1ae9fa875d6057614f797332d37d3513517d6c694.png,results/supervised/yolo_label_budget_diagnostic_train_runs/full_train_pool/weights/best.pt,0.5,0.25,512,17.612,22,26,22,4,0,0.8461538461538461,1.0,0.9166666666666666,0.9044003507159178,0.9470127228711651,4,4
val,full_train_pool,ce37f6dd0615d45e66e41a8f2ed6fbc0bbe3103a290394ad474207507710eacc,/home/user/cellseg-robustness-diagnostic/data/raw/dsb2018/stage1_train/ce37f6dd0615d45e66e41a8f2ed6fbc0bbe3103a290394ad474207507710eacc/images/ce37f6dd0615d45e66e41a8f2ed6fbc0bbe3103a290394ad474207507710eacc.png,results/supervised/yolo_label_budget_diagnostic_train_runs/full_train_pool/weights/best.pt,0.5,0.25,512,13.434,8,8,8,0,0,1.0,1.0,1.0,0.8539468125682208,0.9196466412580909,0,0
val,full_train_pool,ce88df7356d9d4a8d5944a93768f4c4b593de2d35616f7448c2b37b9fd60dd1f,/home/user/cellseg-robustness-diagnostic/data/raw/dsb2018/stage1_train/ce88df7356d9d4a8d5944a93768f4c4b593de2d35616f7448c2b37b9fd60dd1f/images/ce88df7356d9d4a8d5944a93768f4c4b593de2d35616f7448c2b37b9fd60dd1f.png,results/supervised/yolo_label_budget_diagnostic_train_runs/full_train_pool/weights/best.pt,0.5,0.25,512,18.752,58,57,52,5,6,0.9122807017543859,0.896551724137931,0.9043478260869565,0.8114892548042353,0.8931190072322386,-1,1
val,full_train_pool,ce9e1a58b58940039ae841466198b72ea21cc90584039a9294b47f5aef17ddfa,/home/user/cellseg-robustness-diagnostic/data/raw/dsb2018/stage1_train/ce9e1a58b58940039ae841466198b72ea21cc90584039a9294b47f5aef17ddfa/images/ce9e1a58b58940039ae841466198b72ea21cc90584039a9294b47f5aef17ddfa.png,results/supervised/yolo_label_budget_diagnostic_train_runs/full_train_pool/weights/best.pt,0.5,0.25,512,15.148,32,29,27,2,5,0.9310344827586207,0.84375,0.8852459016393444,0.8388917765270717,0.9092564028839732,-3,3
val,full_train_pool,cf26c41245febfe67c2a1682cc4ee8752ee40ae3e49610314f45923b8bf5b08a,/home/user/cellseg-robustness-diagnostic/data/raw/dsb2018/stage1_train/cf26c41245febfe67c2a1682cc4ee8752ee40ae3e49610314f45923b8bf5b08a/images/cf26c41245febfe67c2a1682cc4ee8752ee40ae3e49610314f45923b8bf5b08a.png,results/supervised/yolo_label_budget_diagnostic_train_runs/full_train_pool/weights/best.pt,0.5,0.25,512,17.189,40,40,39,1,1,0.975,0.975,0.975,0.7979520992946874,0.886062434655465,0,0
val,full_train_pool,cfabf7379c5591d40aa4a20c86b4197c6a25ab55887a9fca4f06c2dfc0f0e973,/home/user/cellseg-robustness-diagnostic/data/raw/dsb2018/stage1_train/cfabf7379c5591d40aa4a20c86b4197c6a25ab55887a9fca4f06c2dfc0f0e973/images/cfabf7379c5591d40aa4a20c86b4197c6a25ab55887a9fca4f06c2dfc0f0e973.png,results/supervised/yolo_label_budget_diagnostic_train_runs/full_train_pool/weights/best.pt,0.5,0.25,512,16.23,25,26,23,3,2,0.8846153846153846,0.92,0.9019607843137256,0.9019461302543279,0.9460610996601879,1,1
val,full_train_pool,d0f2a00d3155c243048bc48944aef93fb08e2258d1fa5f9ccadd9140082bc22f,/home/user/cellseg-robustness-diagnostic/data/raw/dsb2018/stage1_train/d0f2a00d3155c243048bc48944aef93fb08e2258d1fa5f9ccadd9140082bc22f/images/d0f2a00d3155c243048bc48944aef93fb08e2258d1fa5f9ccadd9140082bc22f.png,results/supervised/yolo_label_budget_diagnostic_train_runs/full_train_pool/weights/best.pt,0.5,0.25,512,16.442,29,28,25,3,4,0.8928571428571429,0.8620689655172413,0.8771929824561403,0.8803850875576807,0.9330951610915114,-1,1
val,full_train_pool,d1b173875e2261f55014bd27bd7174b9ae1c769338c1b31b5d737e9e60175993,/home/user/cellseg-robustness-diagnostic/data/raw/dsb2018/stage1_train/d1b173875e2261f55014bd27bd7174b9ae1c769338c1b31b5d737e9e60175993/images/d1b173875e2261f55014bd27bd7174b9ae1c769338c1b31b5d737e9e60175993.png,results/supervised/yolo_label_budget_diagnostic_train_runs/full_train_pool/weights/best.pt,0.5,0.25,512,13.856,9,10,9,1,0,0.9,1.0,0.9473684210526316,0.876564767676368,0.9338865367808677,1,1
val,full_train_pool,d1ba6089cae2f90cb7275ece10ca393c25f60ea17e5c9c3cea2399d31fd41869,/home/user/cellseg-robustness-diagnostic/data/raw/dsb2018/stage1_train/d1ba6089cae2f90cb7275ece10ca393c25f60ea17e5c9c3cea2399d31fd41869/images/d1ba6089cae2f90cb7275ece10ca393c25f60ea17e5c9c3cea2399d31fd41869.png,results/supervised/yolo_label_budget_diagnostic_train_runs/full_train_pool/weights/best.pt,0.5,0.25,512,14.821,22,25,19,6,3,0.76,0.8636363636363636,0.8085106382978724,0.7914094738588355,0.8801362410149111,3,3
val,full_train_pool,d1dbc6ee7c44a7027e935d040e496793186b884a1028d0e26284a206c6f5aff0,/home/user/cellseg-robustness-diagnostic/data/raw/dsb2018/stage1_train/d1dbc6ee7c44a7027e935d040e496793186b884a1028d0e26284a206c6f5aff0/images/d1dbc6ee7c44a7027e935d040e496793186b884a1028d0e26284a206c6f5aff0.png,results/supervised/yolo_label_budget_diagnostic_train_runs/full_train_pool/weights/best.pt,0.5,0.25,512,14.861,17,19,10,9,7,0.5263157894736842,0.5882352941176471,0.5555555555555555,0.826965517935335,0.9028325103327216,2,2
val,full_train_pool,d256b32adda37f2301c9e46f34b7f9a36cce273256369ceb5dc2c73c3007e3c4,/home/user/cellseg-robustness-diagnostic/data/raw/dsb2018/stage1_train/d256b32adda37f2301c9e46f34b7f9a36cce273256369ceb5dc2c73c3007e3c4/images/d256b32adda37f2301c9e46f34b7f9a36cce273256369ceb5dc2c73c3007e3c4.png,results/supervised/yolo_label_budget_diagnostic_train_runs/full_train_pool/weights/best.pt,0.5,0.25,512,18.11,33,42,25,17,8,0.5952380952380952,0.7575757575757576,0.6666666666666667,0.7368074280335705,0.8444602662576473,9,9
val,full_train_pool,d2815f2f616d92be35c7e8dcfe592deec88516aef9ffc9b21257f52b7d6d0354,/home/user/cellseg-robustness-diagnostic/data/raw/dsb2018/stage1_train/d2815f2f616d92be35c7e8dcfe592deec88516aef9ffc9b21257f52b7d6d0354/images/d2815f2f616d92be35c7e8dcfe592deec88516aef9ffc9b21257f52b7d6d0354.png,results/supervised/yolo_label_budget_diagnostic_train_runs/full_train_pool/weights/best.pt,0.5,0.25,512,16.409,14,16,13,3,1,0.8125,0.9285714285714286,0.8666666666666666,0.865169632389348,0.9268681600487885,2,2
val,full_train_pool,d2ce593bddf9998ce3b76328c0151d0ba4b644c293aca7f6254e521c448b305f,/home/user/cellseg-robustness-diagnostic/data/raw/dsb2018/stage1_train/d2ce593bddf9998ce3b76328c0151d0ba4b644c293aca7f6254e521c448b305f/images/d2ce593bddf9998ce3b76328c0151d0ba4b644c293aca7f6254e521c448b305f.png,results/supervised/yolo_label_budget_diagnostic_train_runs/full_train_pool/weights/best.pt,0.5,0.25,512,14.299,12,12,11,1,1,0.9166666666666666,0.9166666666666666,0.9166666666666666,0.8618320808007112,0.9223721230180011,0,0
val,full_train_pool,d32ea6d318626ca14a967d0c1ad3218aebfe636624a8d1173f5150dde8ff38cf,/home/user/cellseg-robustness-diagnostic/data/raw/dsb2018/stage1_train/d32ea6d318626ca14a967d0c1ad3218aebfe636624a8d1173f5150dde8ff38cf/images/d32ea6d318626ca14a967d0c1ad3218aebfe636624a8d1173f5150dde8ff38cf.png,results/supervised/yolo_label_budget_diagnostic_train_runs/full_train_pool/weights/best.pt,0.5,0.25,512,14.417,10,10,10,0,0,1.0,1.0,1.0,0.872709104294716,0.9312050368048357,0,0
val,full_train_pool,d35f25c8e3f7fca5232fc4d5e3faf14b025b20b3731af77fe971a5e2e9d69d28,/home/user/cellseg-robustness-diagnostic/data/raw/dsb2018/stage1_train/d35f25c8e3f7fca5232fc4d5e3faf14b025b20b3731af77fe971a5e2e9d69d28/images/d35f25c8e3f7fca5232fc4d5e3faf14b025b20b3731af77fe971a5e2e9d69d28.png,results/supervised/yolo_label_budget_diagnostic_train_runs/full_train_pool/weights/best.pt,0.5,0.25,512,16.546,35,34,34,0,1,1.0,0.9714285714285714,0.9855072463768115,0.8780702976309464,0.9346828967700226,-1,1
val,full_train_pool,d3ce382f190ee24729bd2e80684c11bef72bc9c733cdbbc19a17d2c1b2e775f7,/home/user/cellseg-robustness-diagnostic/data/raw/dsb2018/stage1_train/d3ce382f190ee24729bd2e80684c11bef72bc9c733cdbbc19a17d2c1b2e775f7/images/d3ce382f190ee24729bd2e80684c11bef72bc9c733cdbbc19a17d2c1b2e775f7.png,results/supervised/yolo_label_budget_diagnostic_train_runs/full_train_pool/weights/best.pt,0.5,0.25,512,14.211,8,8,7,1,1,0.875,0.875,0.875,0.8026706776910721,0.8886473673564595,0,0
val,full_train_pool,d4d6c683f249d82518431603bf0206d05f2114ac871a99ffade0f5f61cf167e1,/home/user/cellseg-robustness-diagnostic/data/raw/dsb2018/stage1_train/d4d6c683f249d82518431603bf0206d05f2114ac871a99ffade0f5f61cf167e1/images/d4d6c683f249d82518431603bf0206d05f2114ac871a99ffade0f5f61cf167e1.png,results/supervised/yolo_label_budget_diagnostic_train_runs/full_train_pool/weights/best.pt,0.5,0.25,512,16.074,10,10,10,0,0,1.0,1.0,1.0,0.8676011567017206,0.9287628901118643,0,0
val,full_train_pool,d4d88391bc399a3715440d4da9f8b7a973e010dc1edd9551df2e5a538685add5,/home/user/cellseg-robustness-diagnostic/data/raw/dsb2018/stage1_train/d4d88391bc399a3715440d4da9f8b7a973e010dc1edd9551df2e5a538685add5/images/d4d88391bc399a3715440d4da9f8b7a973e010dc1edd9551df2e5a538685add5.png,results/supervised/yolo_label_budget_diagnostic_train_runs/full_train_pool/weights/best.pt,0.5,0.25,512,18.229,24,22,21,1,3,0.9545454545454546,0.875,0.9130434782608695,0.8837954915385725,0.9351540218182086,-2,2
val,full_train_pool,d52958107d0b1f0288f50f346a833df3df485b92d5516cfcb536e73ab7adafd0,/home/user/cellseg-robustness-diagnostic/data/raw/dsb2018/stage1_train/d52958107d0b1f0288f50f346a833df3df485b92d5516cfcb536e73ab7adafd0/images/d52958107d0b1f0288f50f346a833df3df485b92d5516cfcb536e73ab7adafd0.png,results/supervised/yolo_label_budget_diagnostic_train_runs/full_train_pool/weights/best.pt,0.5,0.25,512,46.121,126,126,124,2,2,0.9841269841269841,0.9841269841269841,0.9841269841269841,0.8626521816847224,0.9255259519683132,0,0
val,full_train_pool,d6a880b1f6056f3086679de5c810e7af87cdf3bbbd0533a83e3681817fce40fc,/home/user/cellseg-robustness-diagnostic/data/raw/dsb2018/stage1_train/d6a880b1f6056f3086679de5c810e7af87cdf3bbbd0533a83e3681817fce40fc/images/d6a880b1f6056f3086679de5c810e7af87cdf3bbbd0533a83e3681817fce40fc.png,results/supervised/yolo_label_budget_diagnostic_train_runs/full_train_pool/weights/best.pt,0.5,0.25,512,22.239,77,68,55,13,22,0.8088235294117647,0.7142857142857143,0.7586206896551725,0.8321979369742443,0.9063271857234719,-9,9
val,full_train_pool,d751ccb64fa767a65a966061218438bd1860695d96bbef11fdb2f0d3b8dedba8,/home/user/cellseg-robustness-diagnostic/data/raw/dsb2018/stage1_train/d751ccb64fa767a65a966061218438bd1860695d96bbef11fdb2f0d3b8dedba8/images/d751ccb64fa767a65a966061218438bd1860695d96bbef11fdb2f0d3b8dedba8.png,results/supervised/yolo_label_budget_diagnostic_train_runs/full_train_pool/weights/best.pt,0.5,0.25,512,17.59,28,29,26,3,2,0.896551724137931,0.9285714285714286,0.912280701754386,0.8841799106592858,0.9367448272457779,1,1
val,full_train_pool,d7d12a2acc47a94961aeb56fd56e8a0873016af75f5dd10915de9db8af8e4f5e,/home/user/cellseg-robustness-diagnostic/data/raw/dsb2018/stage1_train/d7d12a2acc47a94961aeb56fd56e8a0873016af75f5dd10915de9db8af8e4f5e/images/d7d12a2acc47a94961aeb56fd56e8a0873016af75f5dd10915de9db8af8e4f5e.png,results/supervised/yolo_label_budget_diagnostic_train_runs/full_train_pool/weights/best.pt,0.5,0.25,512,18.83,22,22,20,2,2,0.9090909090909091,0.9090909090909091,0.9090909090909091,0.8374136680503451,0.9076470375888256,0,0
val,full_train_pool,d7db360fabfce9828559a21f6bffff589ae868e0dc6101d7c1212de34a25e3cb,/home/user/cellseg-robustness-diagnostic/data/raw/dsb2018/stage1_train/d7db360fabfce9828559a21f6bffff589ae868e0dc6101d7c1212de34a25e3cb/images/d7db360fabfce9828559a21f6bffff589ae868e0dc6101d7c1212de34a25e3cb.png,results/supervised/yolo_label_budget_diagnostic_train_runs/full_train_pool/weights/best.pt,0.5,0.25,512,17.998,27,29,23,6,4,0.7931034482758621,0.8518518518518519,0.8214285714285715,0.8545479448311519,0.9152768523088052,2,2
val,full_train_pool,d7ec8003735996458b56ccb8ae34d080eb2a6adabef931323239632515b4b220,/home/user/cellseg-robustness-diagnostic/data/raw/dsb2018/stage1_train/d7ec8003735996458b56ccb8ae34d080eb2a6adabef931323239632515b4b220/images/d7ec8003735996458b56ccb8ae34d080eb2a6adabef931323239632515b4b220.png,results/supervised/yolo_label_budget_diagnostic_train_runs/full_train_pool/weights/best.pt,0.5,0.25,512,14.796,7,7,7,0,0,1.0,1.0,1.0,0.8060958745394352,0.8906880145444479,0,0
val,full_train_pool,d7fc0d0a7339211f2433829c6553b762e2b9ef82cfe218d58ecae6643fa8e9c7,/home/user/cellseg-robustness-diagnostic/data/raw/dsb2018/stage1_train/d7fc0d0a7339211f2433829c6553b762e2b9ef82cfe218d58ecae6643fa8e9c7/images/d7fc0d0a7339211f2433829c6553b762e2b9ef82cfe218d58ecae6643fa8e9c7.png,results/supervised/yolo_label_budget_diagnostic_train_runs/full_train_pool/weights/best.pt,0.5,0.25,512,16.762,18,21,18,3,0,0.8571428571428571,1.0,0.923076923076923,0.8596962042759378,0.923683526744433,3,3
val,full_train_pool,d827a7d80fc67487a3237135e0d43ae01b7bbcb135e1a167601fc974a8348c51,/home/user/cellseg-robustness-diagnostic/data/raw/dsb2018/stage1_train/d827a7d80fc67487a3237135e0d43ae01b7bbcb135e1a167601fc974a8348c51/images/d827a7d80fc67487a3237135e0d43ae01b7bbcb135e1a167601fc974a8348c51.png,results/supervised/yolo_label_budget_diagnostic_train_runs/full_train_pool/weights/best.pt,0.5,0.25,512,18.001,29,41,28,13,1,0.6829268292682927,0.9655172413793104,0.8000000000000002,0.7590667851279331,0.8596251100791779,12,12
val,full_train_pool,d8607b21411c9c8ab532faaeba15f8818a92025897950f94ee4da4f74f53660a,/home/user/cellseg-robustness-diagnostic/data/raw/dsb2018/stage1_train/d8607b21411c9c8ab532faaeba15f8818a92025897950f94ee4da4f74f53660a/images/d8607b21411c9c8ab532faaeba15f8818a92025897950f94ee4da4f74f53660a.png,results/supervised/yolo_label_budget_diagnostic_train_runs/full_train_pool/weights/best.pt,0.5,0.25,512,17.687,24,24,24,0,0,1.0,1.0,1.0,0.8976064950732465,0.9449805460552784,0,0
val,full_train_pool,d910b2b1be8406caecfe31a503d412ffc4e3d488286242ebc7381836121dd4ef,/home/user/cellseg-robustness-diagnostic/data/raw/dsb2018/stage1_train/d910b2b1be8406caecfe31a503d412ffc4e3d488286242ebc7381836121dd4ef/images/d910b2b1be8406caecfe31a503d412ffc4e3d488286242ebc7381836121dd4ef.png,results/supervised/yolo_label_budget_diagnostic_train_runs/full_train_pool/weights/best.pt,0.5,0.25,512,15.562,24,18,16,2,8,0.8888888888888888,0.6666666666666666,0.761904761904762,0.837003980016158,0.9063584204643091,-6,6
val,full_train_pool,da31f2aa8601afec5c45180a2c448cb9c4a8ec7b35e75190d6ba3588f69058c8,/home/user/cellseg-robustness-diagnostic/data/raw/dsb2018/stage1_train/da31f2aa8601afec5c45180a2c448cb9c4a8ec7b35e75190d6ba3588f69058c8/images/da31f2aa8601afec5c45180a2c448cb9c4a8ec7b35e75190d6ba3588f69058c8.png,results/supervised/yolo_label_budget_diagnostic_train_runs/full_train_pool/weights/best.pt,0.5,0.25,512,32.927,62,56,49,7,13,0.875,0.7903225806451613,0.8305084745762712,0.8638398347469126,0.924623004555583,-6,6
val,full_train_pool,da5f98f2b8a64eee735a398de48ed42cd31bf17a6063db46a9e0783ac13cd844,/home/user/cellseg-robustness-diagnostic/data/raw/dsb2018/stage1_train/da5f98f2b8a64eee735a398de48ed42cd31bf17a6063db46a9e0783ac13cd844/images/da5f98f2b8a64eee735a398de48ed42cd31bf17a6063db46a9e0783ac13cd844.png,results/supervised/yolo_label_budget_diagnostic_train_runs/full_train_pool/weights/best.pt,0.5,0.25,512,40.937,140,135,126,9,14,0.9333333333333333,0.9,0.9163636363636364,0.8248773058209006,0.9028686963293252,-5,5
val,full_train_pool,da79a2b105f055ce75404a04bf53bbb51d518d9381af7b4ac714c137f101d920,/home/user/cellseg-robustness-diagnostic/data/raw/dsb2018/stage1_train/da79a2b105f055ce75404a04bf53bbb51d518d9381af7b4ac714c137f101d920/images/da79a2b105f055ce75404a04bf53bbb51d518d9381af7b4ac714c137f101d920.png,results/supervised/yolo_label_budget_diagnostic_train_runs/full_train_pool/weights/best.pt,0.5,0.25,512,22.73,55,47,43,4,12,0.9148936170212766,0.7818181818181819,0.8431372549019609,0.7624888398795419,0.8623080649249545,-8,8
val,full_train_pool,da8ca06ccbb4e2a8718f7c2939ef6cc3a4088981f660842ad885a8273e740d55,/home/user/cellseg-robustness-diagnostic/data/raw/dsb2018/stage1_train/da8ca06ccbb4e2a8718f7c2939ef6cc3a4088981f660842ad885a8273e740d55/images/da8ca06ccbb4e2a8718f7c2939ef6cc3a4088981f660842ad885a8273e740d55.png,results/supervised/yolo_label_budget_diagnostic_train_runs/full_train_pool/weights/best.pt,0.5,0.25,512,19.956,60,61,59,2,1,0.9672131147540983,0.9833333333333333,0.9752066115702478,0.8457293031477275,0.9151480224137176,1,1
val,full_train_pool,dabfee30b46d23569c63fa7253ef10b2407fbe8023035a5030252313cb718097,/home/user/cellseg-robustness-diagnostic/data/raw/dsb2018/stage1_train/dabfee30b46d23569c63fa7253ef10b2407fbe8023035a5030252313cb718097/images/dabfee30b46d23569c63fa7253ef10b2407fbe8023035a5030252313cb718097.png,results/supervised/yolo_label_budget_diagnostic_train_runs/full_train_pool/weights/best.pt,0.5,0.25,512,15.292,10,10,10,0,0,1.0,1.0,1.0,0.8597059430716743,0.9237509270780878,0,0
val,full_train_pool,dad607a203483439fcbc2acecd0a39fb5e5a94a32a94348f5c802c79cfeb6e7c,/home/user/cellseg-robustness-diagnostic/data/raw/dsb2018/stage1_train/dad607a203483439fcbc2acecd0a39fb5e5a94a32a94348f5c802c79cfeb6e7c/images/dad607a203483439fcbc2acecd0a39fb5e5a94a32a94348f5c802c79cfeb6e7c.png,results/supervised/yolo_label_budget_diagnostic_train_runs/full_train_pool/weights/best.pt,0.5,0.25,512,18.762,50,54,50,4,0,0.9259259259259259,1.0,0.9615384615384615,0.866549168415687,0.9279847617508515,4,4
val,full_train_pool,dae976f161fe42dc58dee87d4bf2eb9f65736597cab0114138641b2a39a5c42b,/home/user/cellseg-robustness-diagnostic/data/raw/dsb2018/stage1_train/dae976f161fe42dc58dee87d4bf2eb9f65736597cab0114138641b2a39a5c42b/images/dae976f161fe42dc58dee87d4bf2eb9f65736597cab0114138641b2a39a5c42b.png,results/supervised/yolo_label_budget_diagnostic_train_runs/full_train_pool/weights/best.pt,0.5,0.25,512,17.359,31,30,24,6,7,0.8,0.7741935483870968,0.7868852459016393,0.7576146934818843,0.859240787560179,-1,1
val,full_train_pool,db45946a4412a2137674ec075b6892ccd682b77826aba618210569bbc65cf2b0,/home/user/cellseg-robustness-diagnostic/data/raw/dsb2018/stage1_train/db45946a4412a2137674ec075b6892ccd682b77826aba618210569bbc65cf2b0/images/db45946a4412a2137674ec075b6892ccd682b77826aba618210569bbc65cf2b0.png,results/supervised/yolo_label_budget_diagnostic_train_runs/full_train_pool/weights/best.pt,0.5,0.25,512,15.646,21,23,21,2,0,0.9130434782608695,1.0,0.9545454545454545,0.884129951907459,0.937918164394633,2,2
val,full_train_pool,dbbfe08a52688d0ac8de9161cbb17cb201e3991aacab8ab8a77fe0e203a69481,/home/user/cellseg-robustness-diagnostic/data/raw/dsb2018/stage1_train/dbbfe08a52688d0ac8de9161cbb17cb201e3991aacab8ab8a77fe0e203a69481/images/dbbfe08a52688d0ac8de9161cbb17cb201e3991aacab8ab8a77fe0e203a69481.png,results/supervised/yolo_label_budget_diagnostic_train_runs/full_train_pool/weights/best.pt,0.5,0.25,512,19.188,38,59,32,27,6,0.5423728813559322,0.8421052631578947,0.6597938144329897,0.8024250210558633,0.8891427300690748,21,21
val,full_train_pool,dbe5ad05b6f87018159a3228c1d1725892a1bfb9fa9f8fcc2e8bfe70d69d0355,/home/user/cellseg-robustness-diagnostic/data/raw/dsb2018/stage1_train/dbe5ad05b6f87018159a3228c1d1725892a1bfb9fa9f8fcc2e8bfe70d69d0355/images/dbe5ad05b6f87018159a3228c1d1725892a1bfb9fa9f8fcc2e8bfe70d69d0355.png,results/supervised/yolo_label_budget_diagnostic_train_runs/full_train_pool/weights/best.pt,0.5,0.25,512,17.37,17,19,16,3,1,0.8421052631578947,0.9411764705882353,0.8888888888888888,0.9124667343952937,0.9540817371355359,2,2
val,full_train_pool,dd54adb80393de7769b9853c0aa2ee9b240905d0e99c59d4ccd99401f327aa05,/home/user/cellseg-robustness-diagnostic/data/raw/dsb2018/stage1_train/dd54adb80393de7769b9853c0aa2ee9b240905d0e99c59d4ccd99401f327aa05/images/dd54adb80393de7769b9853c0aa2ee9b240905d0e99c59d4ccd99401f327aa05.png,results/supervised/yolo_label_budget_diagnostic_train_runs/full_train_pool/weights/best.pt,0.5,0.25,512,40.898,141,142,131,11,10,0.9225352112676056,0.9290780141843972,0.9257950530035336,0.8495310204936736,0.9175500363156831,1,1
val,full_train_pool,ddf1bf458312de2895dd9cc5ce7ec9d334ad54c35edc96ad6001d20b1d8588d8,/home/user/cellseg-robustness-diagnostic/data/raw/dsb2018/stage1_train/ddf1bf458312de2895dd9cc5ce7ec9d334ad54c35edc96ad6001d20b1d8588d8/images/ddf1bf458312de2895dd9cc5ce7ec9d334ad54c35edc96ad6001d20b1d8588d8.png,results/supervised/yolo_label_budget_diagnostic_train_runs/full_train_pool/weights/best.pt,0.5,0.25,512,58.098,30,33,22,11,8,0.6666666666666666,0.7333333333333333,0.6984126984126984,0.743713657072166,0.8494065078168771,3,3
val,full_train_pool,dec1764c00e8b3c4bf1fc7a2fda341279218ff894186b0c2664128348683c757,/home/user/cellseg-robustness-diagnostic/data/raw/dsb2018/stage1_train/dec1764c00e8b3c4bf1fc7a2fda341279218ff894186b0c2664128348683c757/images/dec1764c00e8b3c4bf1fc7a2fda341279218ff894186b0c2664128348683c757.png,results/supervised/yolo_label_budget_diagnostic_train_runs/full_train_pool/weights/best.pt,0.5,0.25,512,62.589,21,22,17,5,4,0.7727272727272727,0.8095238095238095,0.7906976744186046,0.8799919320891043,0.9335300913572053,1,1
val,full_train_pool,df33b11184427e05c8a450f921586685975fe975f57315e686a0f26fddb93db1,/home/user/cellseg-robustness-diagnostic/data/raw/dsb2018/stage1_train/df33b11184427e05c8a450f921586685975fe975f57315e686a0f26fddb93db1/images/df33b11184427e05c8a450f921586685975fe975f57315e686a0f26fddb93db1.png,results/supervised/yolo_label_budget_diagnostic_train_runs/full_train_pool/weights/best.pt,0.5,0.25,512,90.614,47,60,41,19,6,0.6833333333333333,0.8723404255319149,0.766355140186916,0.7801087030004322,0.8728327958981085,13,13
val,full_train_pool,df53d0b6c2c4e45d759b2c474011e2b2b32552cd100ca4b22388ab9ca1750ee2,/home/user/cellseg-robustness-diagnostic/data/raw/dsb2018/stage1_train/df53d0b6c2c4e45d759b2c474011e2b2b32552cd100ca4b22388ab9ca1750ee2/images/df53d0b6c2c4e45d759b2c474011e2b2b32552cd100ca4b22388ab9ca1750ee2.png,results/supervised/yolo_label_budget_diagnostic_train_runs/full_train_pool/weights/best.pt,0.5,0.25,512,105.715,80,83,66,17,14,0.7951807228915663,0.825,0.8098159509202455,0.800518657565444,0.88551681250888,3,3
val,full_train_pool,df5cdd0ebe1bdf8dc870bc294b8f08961e083bc7f9be69e268454aa9091808b9,/home/user/cellseg-robustness-diagnostic/data/raw/dsb2018/stage1_train/df5cdd0ebe1bdf8dc870bc294b8f08961e083bc7f9be69e268454aa9091808b9/images/df5cdd0ebe1bdf8dc870bc294b8f08961e083bc7f9be69e268454aa9091808b9.png,results/supervised/yolo_label_budget_diagnostic_train_runs/full_train_pool/weights/best.pt,0.5,0.25,512,76.009,22,19,19,0,3,1.0,0.8636363636363636,0.9268292682926829,0.8554522979301536,0.9198189088973088,-3,3
val,full_train_pool,df9a4212ecb67bb4e58eba62f293b91f9d6f1dde73e38fa891c75661d419fc97,/home/user/cellseg-robustness-diagnostic/data/raw/dsb2018/stage1_train/df9a4212ecb67bb4e58eba62f293b91f9d6f1dde73e38fa891c75661d419fc97/images/df9a4212ecb67bb4e58eba62f293b91f9d6f1dde73e38fa891c75661d419fc97.png,results/supervised/yolo_label_budget_diagnostic_train_runs/full_train_pool/weights/best.pt,0.5,0.25,512,68.68,26,27,26,1,0,0.9629629629629629,1.0,0.9811320754716981,0.8950691189049993,0.9436930318866478,1,1
val,full_train_pool,e1bcb583985325d0ef5f3ef52957d0371c96d4af767b13e48102bca9d5351a9b,/home/user/cellseg-robustness-diagnostic/data/raw/dsb2018/stage1_train/e1bcb583985325d0ef5f3ef52957d0371c96d4af767b13e48102bca9d5351a9b/images/e1bcb583985325d0ef5f3ef52957d0371c96d4af767b13e48102bca9d5351a9b.png,results/supervised/yolo_label_budget_diagnostic_train_runs/full_train_pool/weights/best.pt,0.5,0.25,512,57.054,6,8,4,4,2,0.5,0.6666666666666666,0.5714285714285715,0.8002723804868465,0.8862939360596613,2,2
val,full_train_pool,e216ec5063d3562b793e434c491051bd8867f6c2e571e41137c7c560cc0e6a03,/home/user/cellseg-robustness-diagnostic/data/raw/dsb2018/stage1_train/e216ec5063d3562b793e434c491051bd8867f6c2e571e41137c7c560cc0e6a03/images/e216ec5063d3562b793e434c491051bd8867f6c2e571e41137c7c560cc0e6a03.png,results/supervised/yolo_label_budget_diagnostic_train_runs/full_train_pool/weights/best.pt,0.5,0.25,512,71.076,21,23,17,6,4,0.7391304347826086,0.8095238095238095,0.7727272727272727,0.8007552865181036,0.8875050542653178,2,2
val,full_train_pool,e23e11414ee645b51081fb202d38b793f0c8ef2940f8228ded384899d21b02c2,/home/user/cellseg-robustness-diagnostic/data/raw/dsb2018/stage1_train/e23e11414ee645b51081fb202d38b793f0c8ef2940f8228ded384899d21b02c2/images/e23e11414ee645b51081fb202d38b793f0c8ef2940f8228ded384899d21b02c2.png,results/supervised/yolo_label_budget_diagnostic_train_runs/full_train_pool/weights/best.pt,0.5,0.25,512,308.002,199,219,183,36,16,0.8356164383561644,0.9195979899497487,0.875598086124402,0.7832713743818122,0.876074672582408,20,20
val,full_train_pool,e2d22d3d283915df8350d039278e314a23e6e8f2b41bdfc16df849e22dd13b36,/home/user/cellseg-robustness-diagnostic/data/raw/dsb2018/stage1_train/e2d22d3d283915df8350d039278e314a23e6e8f2b41bdfc16df849e22dd13b36/images/e2d22d3d283915df8350d039278e314a23e6e8f2b41bdfc16df849e22dd13b36.png,results/supervised/yolo_label_budget_diagnostic_train_runs/full_train_pool/weights/best.pt,0.5,0.25,512,88.537,42,44,42,2,0,0.9545454545454546,1.0,0.9767441860465117,0.8623130071313385,0.9246281532047824,2,2
val,full_train_pool,e321cfa987e77c21373a0f8b1236c83d6636306949a82a7f5b07fc0838e7777f,/home/user/cellseg-robustness-diagnostic/data/raw/dsb2018/stage1_train/e321cfa987e77c21373a0f8b1236c83d6636306949a82a7f5b07fc0838e7777f/images/e321cfa987e77c21373a0f8b1236c83d6636306949a82a7f5b07fc0838e7777f.png,results/supervised/yolo_label_budget_diagnostic_train_runs/full_train_pool/weights/best.pt,0.5,0.25,512,56.796,15,18,15,3,0,0.8333333333333334,1.0,0.9090909090909091,0.7473172796696477,0.8518996763987219,3,3
val,full_train_pool,e414b54f2036bcab61b9c0a966f65adf4b169097c13c740e03d6292ac076258c,/home/user/cellseg-robustness-diagnostic/data/raw/dsb2018/stage1_train/e414b54f2036bcab61b9c0a966f65adf4b169097c13c740e03d6292ac076258c/images/e414b54f2036bcab61b9c0a966f65adf4b169097c13c740e03d6292ac076258c.png,results/supervised/yolo_label_budget_diagnostic_train_runs/full_train_pool/weights/best.pt,0.5,0.25,512,204.991,63,71,55,16,8,0.7746478873239436,0.873015873015873,0.8208955223880596,0.8002295388422549,0.8854048682320439,8,8
val,full_train_pool,e4537e7893e631f3ba6ae5b1023e24b233c78249a31c2f5e561f6c4cad88fcf6,/home/user/cellseg-robustness-diagnostic/data/raw/dsb2018/stage1_train/e4537e7893e631f3ba6ae5b1023e24b233c78249a31c2f5e561f6c4cad88fcf6/images/e4537e7893e631f3ba6ae5b1023e24b233c78249a31c2f5e561f6c4cad88fcf6.png,results/supervised/yolo_label_budget_diagnostic_train_runs/full_train_pool/weights/best.pt,0.5,0.25,512,109.96,21,20,19,1,2,0.95,0.9047619047619048,0.9268292682926829,0.8966383126789911,0.9449060851640045,-1,1
val,full_train_pool,e49fc2b4f1f39d481a6525225ab3f688be5c87f56884456ad54c953315efae83,/home/user/cellseg-robustness-diagnostic/data/raw/dsb2018/stage1_train/e49fc2b4f1f39d481a6525225ab3f688be5c87f56884456ad54c953315efae83/images/e49fc2b4f1f39d481a6525225ab3f688be5c87f56884456ad54c953315efae83.png,results/supervised/yolo_label_budget_diagnostic_train_runs/full_train_pool/weights/best.pt,0.5,0.25,512,182.121,69,74,50,24,19,0.6756756756756757,0.7246376811594203,0.6993006993006994,0.7908722182441875,0.8792308176817238,5,5
val,full_train_pool,e4ae1ceddb279bac30273ca7ac480025ce2e7287328f5272234b5bbca6d13135,/home/user/cellseg-robustness-diagnostic/data/raw/dsb2018/stage1_train/e4ae1ceddb279bac30273ca7ac480025ce2e7287328f5272234b5bbca6d13135/images/e4ae1ceddb279bac30273ca7ac480025ce2e7287328f5272234b5bbca6d13135.png,results/supervised/yolo_label_budget_diagnostic_train_runs/full_train_pool/weights/best.pt,0.5,0.25,512,106.951,16,17,16,1,0,0.9411764705882353,1.0,0.9696969696969697,0.8668653400664449,0.9273785725151136,1,1
val,full_train_pool,e4fc936ba57a936aaa5941ccc70946ab18fcebcb6e8d85a097c584aff9ca4d88,/home/user/cellseg-robustness-diagnostic/data/raw/dsb2018/stage1_train/e4fc936ba57a936aaa5941ccc70946ab18fcebcb6e8d85a097c584aff9ca4d88/images/e4fc936ba57a936aaa5941ccc70946ab18fcebcb6e8d85a097c584aff9ca4d88.png,results/supervised/yolo_label_budget_diagnostic_train_runs/full_train_pool/weights/best.pt,0.5,0.25,512,118.8,29,32,29,3,0,0.90625,1.0,0.9508196721311475,0.8824885573992263,0.9363722442672584,3,3
val,full_train_pool,e50ac10d1dce6496d092d966784ed3795969128ca0bc58199a36d558ed529203,/home/user/cellseg-robustness-diagnostic/data/raw/dsb2018/stage1_train/e50ac10d1dce6496d092d966784ed3795969128ca0bc58199a36d558ed529203/images/e50ac10d1dce6496d092d966784ed3795969128ca0bc58199a36d558ed529203.png,results/supervised/yolo_label_budget_diagnostic_train_runs/full_train_pool/weights/best.pt,0.5,0.25,512,132.743,67,80,62,18,5,0.775,0.9253731343283582,0.8435374149659864,0.7700294605554083,0.8676884199604089,13,13
val,full_train_pool,e52960d31f8bddf85400259beb4521383f5ceface1080be3429f2f926cc9b5c2,/home/user/cellseg-robustness-diagnostic/data/raw/dsb2018/stage1_train/e52960d31f8bddf85400259beb4521383f5ceface1080be3429f2f926cc9b5c2/images/e52960d31f8bddf85400259beb4521383f5ceface1080be3429f2f926cc9b5c2.png,results/supervised/yolo_label_budget_diagnostic_train_runs/full_train_pool/weights/best.pt,0.5,0.25,512,334.496,130,129,125,4,5,0.9689922480620154,0.9615384615384616,0.9652509652509652,0.8556568879869316,0.9214383094061968,-1,1
val,full_train_pool,e5384c905e9879cb6e8ff5250fb03155bc1db035d8dde458eece9078b7de8ff1,/home/user/cellseg-robustness-diagnostic/data/raw/dsb2018/stage1_train/e5384c905e9879cb6e8ff5250fb03155bc1db035d8dde458eece9078b7de8ff1/images/e5384c905e9879cb6e8ff5250fb03155bc1db035d8dde458eece9078b7de8ff1.png,results/supervised/yolo_label_budget_diagnostic_train_runs/full_train_pool/weights/best.pt,0.5,0.25,512,18.19,28,30,26,4,2,0.8666666666666667,0.9285714285714286,0.896551724137931,0.9183766354143397,0.9570926675701957,2,2
val,full_train_pool,e5a6c5e01e6a4ef676a2d975374e995dd55792ea317a8e110bebc37da83a4ce8,/home/user/cellseg-robustness-diagnostic/data/raw/dsb2018/stage1_train/e5a6c5e01e6a4ef676a2d975374e995dd55792ea317a8e110bebc37da83a4ce8/images/e5a6c5e01e6a4ef676a2d975374e995dd55792ea317a8e110bebc37da83a4ce8.png,results/supervised/yolo_label_budget_diagnostic_train_runs/full_train_pool/weights/best.pt,0.5,0.25,512,21.801,26,29,25,4,1,0.8620689655172413,0.9615384615384616,0.9090909090909091,0.7853975879868296,0.8774810142048455,3,3
val,full_train_pool,e5a7b8a9924b26b3abf039255a8a3bb00258f4966f68ff3349560b4350af9367,/home/user/cellseg-robustness-diagnostic/data/raw/dsb2018/stage1_train/e5a7b8a9924b26b3abf039255a8a3bb00258f4966f68ff3349560b4350af9367/images/e5a7b8a9924b26b3abf039255a8a3bb00258f4966f68ff3349560b4350af9367.png,results/supervised/yolo_label_budget_diagnostic_train_runs/full_train_pool/weights/best.pt,0.5,0.25,512,17.922,20,20,19,1,1,0.95,0.95,0.9500000000000001,0.9004424000809419,0.9454611813181496,0,0
val,full_train_pool,e5aeb5b3577abbebe8982b5dd7d22c4257250ad3000661a42f38bf9248d291fd,/home/user/cellseg-robustness-diagnostic/data/raw/dsb2018/stage1_train/e5aeb5b3577abbebe8982b5dd7d22c4257250ad3000661a42f38bf9248d291fd/images/e5aeb5b3577abbebe8982b5dd7d22c4257250ad3000661a42f38bf9248d291fd.png,results/supervised/yolo_label_budget_diagnostic_train_runs/full_train_pool/weights/best.pt,0.5,0.25,512,15.427,2,4,2,2,0,0.5,1.0,0.6666666666666666,0.8798076923076923,0.9360544217687075,2,2
val,full_train_pool,e5f8ad0f0a43af8ca57e31e16800108abdfb44a7e962a71d246f72d2dbde42bf,/home/user/cellseg-robustness-diagnostic/data/raw/dsb2018/stage1_train/e5f8ad0f0a43af8ca57e31e16800108abdfb44a7e962a71d246f72d2dbde42bf/images/e5f8ad0f0a43af8ca57e31e16800108abdfb44a7e962a71d246f72d2dbde42bf.png,results/supervised/yolo_label_budget_diagnostic_train_runs/full_train_pool/weights/best.pt,0.5,0.25,512,13.653,6,6,6,0,0,1.0,1.0,1.0,0.8844262589687931,0.9384782029743359,0,0
val,full_train_pool,e66a97b2c77f3d66a7d3cebbc6a36c8c6259368a397f7b67647ed80ad53aa776,/home/user/cellseg-robustness-diagnostic/data/raw/dsb2018/stage1_train/e66a97b2c77f3d66a7d3cebbc6a36c8c6259368a397f7b67647ed80ad53aa776/images/e66a97b2c77f3d66a7d3cebbc6a36c8c6259368a397f7b67647ed80ad53aa776.png,results/supervised/yolo_label_budget_diagnostic_train_runs/full_train_pool/weights/best.pt,0.5,0.25,512,14.259,11,11,10,1,1,0.9090909090909091,0.9090909090909091,0.9090909090909091,0.8425270757324336,0.9129223209003585,0,0
val,full_train_pool,e66f25e175abab08ecb4e5f6859db64a211e0ddffb262d7e727b9d9bd4aad2d2,/home/user/cellseg-robustness-diagnostic/data/raw/dsb2018/stage1_train/e66f25e175abab08ecb4e5f6859db64a211e0ddffb262d7e727b9d9bd4aad2d2/images/e66f25e175abab08ecb4e5f6859db64a211e0ddffb262d7e727b9d9bd4aad2d2.png,results/supervised/yolo_label_budget_diagnostic_train_runs/full_train_pool/weights/best.pt,0.5,0.25,512,14.594,11,11,11,0,0,1.0,1.0,1.0,0.8344044998896168,0.9083761928698966,0,0
val,full_train_pool,e7a3a7c99483c243742b6cfa74e81cd48f126dcef004016ad0151df6c16a6243,/home/user/cellseg-robustness-diagnostic/data/raw/dsb2018/stage1_train/e7a3a7c99483c243742b6cfa74e81cd48f126dcef004016ad0151df6c16a6243/images/e7a3a7c99483c243742b6cfa74e81cd48f126dcef004016ad0151df6c16a6243.png,results/supervised/yolo_label_budget_diagnostic_train_runs/full_train_pool/weights/best.pt,0.5,0.25,512,43.623,150,159,146,13,4,0.9182389937106918,0.9733333333333334,0.9449838187702265,0.8327931093104873,0.9072546293213846,9,9
val,full_train_pool,e81c758e1ca177b0942ecad62cf8d321ffc315376135bcbed3df932a6e5b40c0,/home/user/cellseg-robustness-diagnostic/data/raw/dsb2018/stage1_train/e81c758e1ca177b0942ecad62cf8d321ffc315376135bcbed3df932a6e5b40c0/images/e81c758e1ca177b0942ecad62cf8d321ffc315376135bcbed3df932a6e5b40c0.png,results/supervised/yolo_label_budget_diagnostic_train_runs/full_train_pool/weights/best.pt,0.5,0.25,512,25.062,47,63,33,30,14,0.5238095238095238,0.7021276595744681,0.6,0.7366960441810644,0.8452455372998818,16,16
val,full_train_pool,e856511ac1c34d24320eb7c56c05a4a3340d06667b4f5b8e8df615d415c7f650,/home/user/cellseg-robustness-diagnostic/data/raw/dsb2018/stage1_train/e856511ac1c34d24320eb7c56c05a4a3340d06667b4f5b8e8df615d415c7f650/images/e856511ac1c34d24320eb7c56c05a4a3340d06667b4f5b8e8df615d415c7f650.png,results/supervised/yolo_label_budget_diagnostic_train_runs/full_train_pool/weights/best.pt,0.5,0.25,512,17.661,27,33,26,7,1,0.7878787878787878,0.9629629629629629,0.8666666666666665,0.7861819455021183,0.8760390965754286,6,6
val,full_train_pool,e9b8ad127f2163438b6236c74938f43d7b4863aaf39a16367f4af59bfd96597b,/home/user/cellseg-robustness-diagnostic/data/raw/dsb2018/stage1_train/e9b8ad127f2163438b6236c74938f43d7b4863aaf39a16367f4af59bfd96597b/images/e9b8ad127f2163438b6236c74938f43d7b4863aaf39a16367f4af59bfd96597b.png,results/supervised/yolo_label_budget_diagnostic_train_runs/full_train_pool/weights/best.pt,0.5,0.25,512,14.253,12,13,12,1,0,0.9230769230769231,1.0,0.9600000000000001,0.7888530535506204,0.8785893493093448,1,1
val,full_train_pool,ea00f5a91ca75e745d675201cc62d7db266f8e2787033e15a7dd5f1cc5c0ad72,/home/user/cellseg-robustness-diagnostic/data/raw/dsb2018/stage1_train/ea00f5a91ca75e745d675201cc62d7db266f8e2787033e15a7dd5f1cc5c0ad72/images/ea00f5a91ca75e745d675201cc62d7db266f8e2787033e15a7dd5f1cc5c0ad72.png,results/supervised/yolo_label_budget_diagnostic_train_runs/full_train_pool/weights/best.pt,0.5,0.25,512,17.149,40,40,40,0,0,1.0,1.0,1.0,0.8803163749320737,0.9360005981421089,0,0
val,full_train_pool,ea94ba4b01d1bd5f7768d10e0ac547743791033df545c71fcec442d0cb5cb5e7,/home/user/cellseg-robustness-diagnostic/data/raw/dsb2018/stage1_train/ea94ba4b01d1bd5f7768d10e0ac547743791033df545c71fcec442d0cb5cb5e7/images/ea94ba4b01d1bd5f7768d10e0ac547743791033df545c71fcec442d0cb5cb5e7.png,results/supervised/yolo_label_budget_diagnostic_train_runs/full_train_pool/weights/best.pt,0.5,0.25,512,19.655,42,41,31,10,11,0.7560975609756098,0.7380952380952381,0.746987951807229,0.8254089407673059,0.9016169756873136,-1,1
val,full_train_pool,ead9464a50a17f74bf1b6471d94ecce8d887cf518c8fedc6c6048eb948bc4e49,/home/user/cellseg-robustness-diagnostic/data/raw/dsb2018/stage1_train/ead9464a50a17f74bf1b6471d94ecce8d887cf518c8fedc6c6048eb948bc4e49/images/ead9464a50a17f74bf1b6471d94ecce8d887cf518c8fedc6c6048eb948bc4e49.png,results/supervised/yolo_label_budget_diagnostic_train_runs/full_train_pool/weights/best.pt,0.5,0.25,512,14.205,6,6,6,0,0,1.0,1.0,1.0,0.889063946753387,0.9411960164300696,0,0
val,full_train_pool,eb1df8ed879d04b36980b0958a0e8fc446ad08c0bdcf3b5f42e3db023187c7e5,/home/user/cellseg-robustness-diagnostic/data/raw/dsb2018/stage1_train/eb1df8ed879d04b36980b0958a0e8fc446ad08c0bdcf3b5f42e3db023187c7e5/images/eb1df8ed879d04b36980b0958a0e8fc446ad08c0bdcf3b5f42e3db023187c7e5.png,results/supervised/yolo_label_budget_diagnostic_train_runs/full_train_pool/weights/best.pt,0.5,0.25,512,21.529,59,66,53,13,6,0.803030303030303,0.8983050847457628,0.8480000000000001,0.8236414766526362,0.8983299125780725,7,7
val,full_train_pool,eb96fc6cbf6880bf05c4309857ae33844a4bc2152e228eff31024e5265cf9fc3,/home/user/cellseg-robustness-diagnostic/data/raw/dsb2018/stage1_train/eb96fc6cbf6880bf05c4309857ae33844a4bc2152e228eff31024e5265cf9fc3/images/eb96fc6cbf6880bf05c4309857ae33844a4bc2152e228eff31024e5265cf9fc3.png,results/supervised/yolo_label_budget_diagnostic_train_runs/full_train_pool/weights/best.pt,0.5,0.25,512,15.053,8,8,8,0,0,1.0,1.0,1.0,0.8754727515659504,0.9327336739225569,0,0
val,full_train_pool,ebc18868864ad075548cc1784f4f9a237bb98335f9645ee727dac8332a3e3716,/home/user/cellseg-robustness-diagnostic/data/raw/dsb2018/stage1_train/ebc18868864ad075548cc1784f4f9a237bb98335f9645ee727dac8332a3e3716/images/ebc18868864ad075548cc1784f4f9a237bb98335f9645ee727dac8332a3e3716.png,results/supervised/yolo_label_budget_diagnostic_train_runs/full_train_pool/weights/best.pt,0.5,0.25,512,18.913,19,17,15,2,4,0.8823529411764706,0.7894736842105263,0.8333333333333333,0.8340549114055709,0.9065103861547128,-2,2
val,full_train_pool,ec031f176dafe0b36547068ce42eab39428ec7995dac1b3ea52d1db79b61fdeb,/home/user/cellseg-robustness-diagnostic/data/raw/dsb2018/stage1_train/ec031f176dafe0b36547068ce42eab39428ec7995dac1b3ea52d1db79b61fdeb/images/ec031f176dafe0b36547068ce42eab39428ec7995dac1b3ea52d1db79b61fdeb.png,results/supervised/yolo_label_budget_diagnostic_train_runs/full_train_pool/weights/best.pt,0.5,0.25,512,14.865,9,9,9,0,0,1.0,1.0,1.0,0.8703767133993668,0.9304952592669685,0,0
val,full_train_pool,ec486143ecfec847c22cd8cbc207d85312bcf38e61c9b9a805e0d12add62da8d,/home/user/cellseg-robustness-diagnostic/data/raw/dsb2018/stage1_train/ec486143ecfec847c22cd8cbc207d85312bcf38e61c9b9a805e0d12add62da8d/images/ec486143ecfec847c22cd8cbc207d85312bcf38e61c9b9a805e0d12add62da8d.png,results/supervised/yolo_label_budget_diagnostic_train_runs/full_train_pool/weights/best.pt,0.5,0.25,512,13.941,11,12,11,1,0,0.9166666666666666,1.0,0.9565217391304348,0.837689690341745,0.9106003631917648,1,1
val,full_train_pool,ecb36c90cdd20245d89173c106f3c6a2d124d07bdea0ae202fb1efa49b0cd169,/home/user/cellseg-robustness-diagnostic/data/raw/dsb2018/stage1_train/ecb36c90cdd20245d89173c106f3c6a2d124d07bdea0ae202fb1efa49b0cd169/images/ecb36c90cdd20245d89173c106f3c6a2d124d07bdea0ae202fb1efa49b0cd169.png,results/supervised/yolo_label_budget_diagnostic_train_runs/full_train_pool/weights/best.pt,0.5,0.25,512,36.989,120,122,117,5,3,0.9590163934426229,0.975,0.9669421487603306,0.8587328037374342,0.9227709198153221,2,2
val,full_train_pool,ed4b8e0d756836be7acb2e2b7799c473b52424e3092a71d3c6d23558e500dc4c,/home/user/cellseg-robustness-diagnostic/data/raw/dsb2018/stage1_train/ed4b8e0d756836be7acb2e2b7799c473b52424e3092a71d3c6d23558e500dc4c/images/ed4b8e0d756836be7acb2e2b7799c473b52424e3092a71d3c6d23558e500dc4c.png,results/supervised/yolo_label_budget_diagnostic_train_runs/full_train_pool/weights/best.pt,0.5,0.25,512,28.069,76,84,76,8,0,0.9047619047619048,1.0,0.9500000000000001,0.8511529936017314,0.9181483428570537,8,8
val,full_train_pool,ed5be4b63e9506ad64660dd92a098ffcc0325195298c13c815a73773f1efc279,/home/user/cellseg-robustness-diagnostic/data/raw/dsb2018/stage1_train/ed5be4b63e9506ad64660dd92a098ffcc0325195298c13c815a73773f1efc279/images/ed5be4b63e9506ad64660dd92a098ffcc0325195298c13c815a73773f1efc279.png,results/supervised/yolo_label_budget_diagnostic_train_runs/full_train_pool/weights/best.pt,0.5,0.25,512,87.973,42,49,36,13,6,0.7346938775510204,0.8571428571428571,0.7912087912087913,0.7987805337590935,0.8849801800505691,7,7
val,full_train_pool,ed8c31b001a0c23c33402f94a5ee6b0209e0c6419eb52d5d02255513e3a672fc,/home/user/cellseg-robustness-diagnostic/data/raw/dsb2018/stage1_train/ed8c31b001a0c23c33402f94a5ee6b0209e0c6419eb52d5d02255513e3a672fc/images/ed8c31b001a0c23c33402f94a5ee6b0209e0c6419eb52d5d02255513e3a672fc.png,results/supervised/yolo_label_budget_diagnostic_train_runs/full_train_pool/weights/best.pt,0.5,0.25,512,102.661,91,89,84,5,7,0.9438202247191011,0.9230769230769231,0.9333333333333335,0.7741837092658563,0.8702758464671628,-2,2
val,full_train_pool,edd36ed822e7ed760ff73e0524df22aa5bf5c565efcdc6c39603239c0896e7a8,/home/user/cellseg-robustness-diagnostic/data/raw/dsb2018/stage1_train/edd36ed822e7ed760ff73e0524df22aa5bf5c565efcdc6c39603239c0896e7a8/images/edd36ed822e7ed760ff73e0524df22aa5bf5c565efcdc6c39603239c0896e7a8.png,results/supervised/yolo_label_budget_diagnostic_train_runs/full_train_pool/weights/best.pt,0.5,0.25,512,71.872,49,71,45,26,4,0.6338028169014085,0.9183673469387755,0.7500000000000001,0.685656362865356,0.8096276236199956,22,22
val,full_train_pool,ee927e8255096971ddae1bd975cf80c4ad7c847c82d0b5f5dd2ddfe5407007ee,/home/user/cellseg-robustness-diagnostic/data/raw/dsb2018/stage1_train/ee927e8255096971ddae1bd975cf80c4ad7c847c82d0b5f5dd2ddfe5407007ee/images/ee927e8255096971ddae1bd975cf80c4ad7c847c82d0b5f5dd2ddfe5407007ee.png,results/supervised/yolo_label_budget_diagnostic_train_runs/full_train_pool/weights/best.pt,0.5,0.25,512,88.216,65,59,52,7,13,0.8813559322033898,0.8,0.8387096774193548,0.7650273410730318,0.8642043390722255,-6,6
val,full_train_pool,eeb142344e9de3250ab748f93940bf06be70d5078337680998468a134a101698,/home/user/cellseg-robustness-diagnostic/data/raw/dsb2018/stage1_train/eeb142344e9de3250ab748f93940bf06be70d5078337680998468a134a101698/images/eeb142344e9de3250ab748f93940bf06be70d5078337680998468a134a101698.png,results/supervised/yolo_label_budget_diagnostic_train_runs/full_train_pool/weights/best.pt,0.5,0.25,512,79.628,50,52,45,7,5,0.8653846153846154,0.9,0.8823529411764707,0.7539876080270536,0.8570729314668312,2,2
val,full_train_pool,ef3ef194e5657fda708ecbd3eb6530286ed2ba23c88efb9f1715298975c73548,/home/user/cellseg-robustness-diagnostic/data/raw/dsb2018/stage1_train/ef3ef194e5657fda708ecbd3eb6530286ed2ba23c88efb9f1715298975c73548/images/ef3ef194e5657fda708ecbd3eb6530286ed2ba23c88efb9f1715298975c73548.png,results/supervised/yolo_label_budget_diagnostic_train_runs/full_train_pool/weights/best.pt,0.5,0.25,512,125.475,75,98,70,28,5,0.7142857142857143,0.9333333333333333,0.809248554913295,0.7758140114036092,0.8696746436946626,23,23
val,full_train_pool,ef6634efb46567d87b811be786b18c4cd0e2cda23d79b65d6afe0d259ef3ade6,/home/user/cellseg-robustness-diagnostic/data/raw/dsb2018/stage1_train/ef6634efb46567d87b811be786b18c4cd0e2cda23d79b65d6afe0d259ef3ade6/images/ef6634efb46567d87b811be786b18c4cd0e2cda23d79b65d6afe0d259ef3ade6.png,results/supervised/yolo_label_budget_diagnostic_train_runs/full_train_pool/weights/best.pt,0.5,0.25,512,78.166,32,49,30,19,2,0.6122448979591837,0.9375,0.7407407407407408,0.704272056074355,0.8242079602958771,17,17
val,full_train_pool,f01a9742c43a69f087700a43893f713878e537bae8e44f76b957f09519601ad6,/home/user/cellseg-robustness-diagnostic/data/raw/dsb2018/stage1_train/f01a9742c43a69f087700a43893f713878e537bae8e44f76b957f09519601ad6/images/f01a9742c43a69f087700a43893f713878e537bae8e44f76b957f09519601ad6.png,results/supervised/yolo_label_budget_diagnostic_train_runs/full_train_pool/weights/best.pt,0.5,0.25,512,97.468,28,28,28,0,0,1.0,1.0,1.0,0.9008637962215371,0.947645164512833,0,0
val,full_train_pool,f0a75e0322f11cead4219aa530673fe5eef67580fb6fccc254963c9fc6b58aa1,/home/user/cellseg-robustness-diagnostic/data/raw/dsb2018/stage1_train/f0a75e0322f11cead4219aa530673fe5eef67580fb6fccc254963c9fc6b58aa1/images/f0a75e0322f11cead4219aa530673fe5eef67580fb6fccc254963c9fc6b58aa1.png,results/supervised/yolo_label_budget_diagnostic_train_runs/full_train_pool/weights/best.pt,0.5,0.25,512,65.556,12,12,12,0,0,1.0,1.0,1.0,0.8699262217176656,0.9300107456037773,0,0
val,full_train_pool,f0c9f135c62572f3669a75b2c735e4477dc77fac85e653426ee2b3bcfbed7aaf,/home/user/cellseg-robustness-diagnostic/data/raw/dsb2018/stage1_train/f0c9f135c62572f3669a75b2c735e4477dc77fac85e653426ee2b3bcfbed7aaf/images/f0c9f135c62572f3669a75b2c735e4477dc77fac85e653426ee2b3bcfbed7aaf.png,results/supervised/yolo_label_budget_diagnostic_train_runs/full_train_pool/weights/best.pt,0.5,0.25,512,56.408,24,23,20,3,4,0.8695652173913043,0.8333333333333334,0.851063829787234,0.9056182458247172,0.9493878545607786,-1,1
val,full_train_pool,f113626a04125d97b27f21b45a0ce9a686d73dee7b5dbc0725d49194ba0203bd,/home/user/cellseg-robustness-diagnostic/data/raw/dsb2018/stage1_train/f113626a04125d97b27f21b45a0ce9a686d73dee7b5dbc0725d49194ba0203bd/images/f113626a04125d97b27f21b45a0ce9a686d73dee7b5dbc0725d49194ba0203bd.png,results/supervised/yolo_label_budget_diagnostic_train_runs/full_train_pool/weights/best.pt,0.5,0.25,512,65.01,24,23,23,0,1,1.0,0.9583333333333334,0.9787234042553191,0.9238908519699918,0.9600079935447944,-1,1
val,full_train_pool,f20eb4592e7d3cf58d421a9c34832d33adcdcbd0e17b7bf009a013847608da27,/home/user/cellseg-robustness-diagnostic/data/raw/dsb2018/stage1_train/f20eb4592e7d3cf58d421a9c34832d33adcdcbd0e17b7bf009a013847608da27/images/f20eb4592e7d3cf58d421a9c34832d33adcdcbd0e17b7bf009a013847608da27.png,results/supervised/yolo_label_budget_diagnostic_train_runs/full_train_pool/weights/best.pt,0.5,0.25,512,68.567,30,30,30,0,0,1.0,1.0,1.0,0.8753764317720488,0.933118383198393,0,0
val,full_train_pool,f26f4c2c70c38fe12e00d5a814d5116691f2ca548908126923fd76ddd665ed24,/home/user/cellseg-robustness-diagnostic/data/raw/dsb2018/stage1_train/f26f4c2c70c38fe12e00d5a814d5116691f2ca548908126923fd76ddd665ed24/images/f26f4c2c70c38fe12e00d5a814d5116691f2ca548908126923fd76ddd665ed24.png,results/supervised/yolo_label_budget_diagnostic_train_runs/full_train_pool/weights/best.pt,0.5,0.25,512,165.469,52,67,47,20,5,0.7014925373134329,0.9038461538461539,0.7899159663865547,0.7665713337087313,0.8638683405481717,15,15
val,full_train_pool,f29fd9c52e04403cd2c7d43b6fe2479292e53b2f61969d25256d2d2aca7c6a81,/home/user/cellseg-robustness-diagnostic/data/raw/dsb2018/stage1_train/f29fd9c52e04403cd2c7d43b6fe2479292e53b2f61969d25256d2d2aca7c6a81/images/f29fd9c52e04403cd2c7d43b6fe2479292e53b2f61969d25256d2d2aca7c6a81.png,results/supervised/yolo_label_budget_diagnostic_train_runs/full_train_pool/weights/best.pt,0.5,0.25,512,416.854,199,202,54,148,145,0.26732673267326734,0.271356783919598,0.2693266832917705,0.6160070800242988,0.7601142397223389,3,3
val,full_train_pool,f35ab34528e3e2d2589d24cbffc0e10024dfc474a68585d0b5feb7b05aa0067f,/home/user/cellseg-robustness-diagnostic/data/raw/dsb2018/stage1_train/f35ab34528e3e2d2589d24cbffc0e10024dfc474a68585d0b5feb7b05aa0067f/images/f35ab34528e3e2d2589d24cbffc0e10024dfc474a68585d0b5feb7b05aa0067f.png,results/supervised/yolo_label_budget_diagnostic_train_runs/full_train_pool/weights/best.pt,0.5,0.25,512,15.687,9,9,9,0,0,1.0,1.0,1.0,0.8651399051179718,0.9275236008429637,0,0
val,full_train_pool,f43169e3d8b4f71e687945b9e72cbfdfe2e40e68842568e6a30c60d64c1378b6,/home/user/cellseg-robustness-diagnostic/data/raw/dsb2018/stage1_train/f43169e3d8b4f71e687945b9e72cbfdfe2e40e68842568e6a30c60d64c1378b6/images/f43169e3d8b4f71e687945b9e72cbfdfe2e40e68842568e6a30c60d64c1378b6.png,results/supervised/yolo_label_budget_diagnostic_train_runs/full_train_pool/weights/best.pt,0.5,0.25,512,15.392,18,21,18,3,0,0.8571428571428571,1.0,0.923076923076923,0.8936553951366206,0.9434424294914245,3,3
val,full_train_pool,f487cc82271cf84b4414552aa8b0a9d82d902451ebe8e8bc639d4121c1672ff7,/home/user/cellseg-robustness-diagnostic/data/raw/dsb2018/stage1_train/f487cc82271cf84b4414552aa8b0a9d82d902451ebe8e8bc639d4121c1672ff7/images/f487cc82271cf84b4414552aa8b0a9d82d902451ebe8e8bc639d4121c1672ff7.png,results/supervised/yolo_label_budget_diagnostic_train_runs/full_train_pool/weights/best.pt,0.5,0.25,512,19.466,47,70,44,26,3,0.6285714285714286,0.9361702127659575,0.7521367521367521,0.7981181788971402,0.8861668293532939,23,23
val,full_train_pool,f4b7c24baf69b8752c49d0eb5db4b7b5e1524945d48e54925bff401d5658045d,/home/user/cellseg-robustness-diagnostic/data/raw/dsb2018/stage1_train/f4b7c24baf69b8752c49d0eb5db4b7b5e1524945d48e54925bff401d5658045d/images/f4b7c24baf69b8752c49d0eb5db4b7b5e1524945d48e54925bff401d5658045d.png,results/supervised/yolo_label_budget_diagnostic_train_runs/full_train_pool/weights/best.pt,0.5,0.25,512,17.741,9,10,7,3,2,0.7,0.7777777777777778,0.7368421052631577,0.8076157364327562,0.8930432765038799,1,1
val,full_train_pool,f4c4db3df4ff0de90f44b027fc2e28c16bf7e5c75ea75b0a9762bbb7ac86e7a3,/home/user/cellseg-robustness-diagnostic/data/raw/dsb2018/stage1_train/f4c4db3df4ff0de90f44b027fc2e28c16bf7e5c75ea75b0a9762bbb7ac86e7a3/images/f4c4db3df4ff0de90f44b027fc2e28c16bf7e5c75ea75b0a9762bbb7ac86e7a3.png,results/supervised/yolo_label_budget_diagnostic_train_runs/full_train_pool/weights/best.pt,0.5,0.25,512,34.379,68,66,19,47,49,0.2878787878787879,0.27941176470588236,0.2835820895522388,0.6104738678047124,0.7558206465135496,-2,2
val,full_train_pool,f4faa3a409014db1865074c5f66a0255f71ae3faba03265da0b3b91f68e8a8f0,/home/user/cellseg-robustness-diagnostic/data/raw/dsb2018/stage1_train/f4faa3a409014db1865074c5f66a0255f71ae3faba03265da0b3b91f68e8a8f0/images/f4faa3a409014db1865074c5f66a0255f71ae3faba03265da0b3b91f68e8a8f0.png,results/supervised/yolo_label_budget_diagnostic_train_runs/full_train_pool/weights/best.pt,0.5,0.25,512,20.257,14,14,14,0,0,1.0,1.0,1.0,0.9191902758382524,0.9575153546619838,0,0
val,full_train_pool,f534b43bf37ff946a310a0f08315d76c3fb3394681cf523acef7c0682240072a,/home/user/cellseg-robustness-diagnostic/data/raw/dsb2018/stage1_train/f534b43bf37ff946a310a0f08315d76c3fb3394681cf523acef7c0682240072a/images/f534b43bf37ff946a310a0f08315d76c3fb3394681cf523acef7c0682240072a.png,results/supervised/yolo_label_budget_diagnostic_train_runs/full_train_pool/weights/best.pt,0.5,0.25,512,15.673,18,16,15,1,3,0.9375,0.8333333333333334,0.8823529411764706,0.8760709784963815,0.9293038994058324,-2,2
val,full_train_pool,f67e72b7fe0b1e3648ea745ffd395c80705c89b0c0c48227991fe6f5815b2a18,/home/user/cellseg-robustness-diagnostic/data/raw/dsb2018/stage1_train/f67e72b7fe0b1e3648ea745ffd395c80705c89b0c0c48227991fe6f5815b2a18/images/f67e72b7fe0b1e3648ea745ffd395c80705c89b0c0c48227991fe6f5815b2a18.png,results/supervised/yolo_label_budget_diagnostic_train_runs/full_train_pool/weights/best.pt,0.5,0.25,512,14.613,12,13,12,1,0,0.9230769230769231,1.0,0.9600000000000001,0.8472726962713164,0.9126293720101445,1,1
val,full_train_pool,f6863b83d75e5927b30e2e326405b588293283c25aaef2251b30c343296b9cb1,/home/user/cellseg-robustness-diagnostic/data/raw/dsb2018/stage1_train/f6863b83d75e5927b30e2e326405b588293283c25aaef2251b30c343296b9cb1/images/f6863b83d75e5927b30e2e326405b588293283c25aaef2251b30c343296b9cb1.png,results/supervised/yolo_label_budget_diagnostic_train_runs/full_train_pool/weights/best.pt,0.5,0.25,512,19.353,92,82,66,16,26,0.8048780487804879,0.717391304347826,0.7586206896551724,0.8030443226792437,0.8876100296916758,-10,10
val,full_train_pool,f6b16c885c0b2bc0d0eb2bb2eeb0a2753ebafb5a7a91da10e89b0b0478984637,/home/user/cellseg-robustness-diagnostic/data/raw/dsb2018/stage1_train/f6b16c885c0b2bc0d0eb2bb2eeb0a2753ebafb5a7a91da10e89b0b0478984637/images/f6b16c885c0b2bc0d0eb2bb2eeb0a2753ebafb5a7a91da10e89b0b0478984637.png,results/supervised/yolo_label_budget_diagnostic_train_runs/full_train_pool/weights/best.pt,0.5,0.25,512,13.557,8,8,7,1,1,0.875,0.875,0.875,0.806972210779989,0.8910671534920462,0,0
val,full_train_pool,f6cb37ebf29c225284c8415962f7287abe7007fae8fe3d8a3899b608b832d7d5,/home/user/cellseg-robustness-diagnostic/data/raw/dsb2018/stage1_train/f6cb37ebf29c225284c8415962f7287abe7007fae8fe3d8a3899b608b832d7d5/images/f6cb37ebf29c225284c8415962f7287abe7007fae8fe3d8a3899b608b832d7d5.png,results/supervised/yolo_label_budget_diagnostic_train_runs/full_train_pool/weights/best.pt,0.5,0.25,512,15.294,17,17,17,0,0,1.0,1.0,1.0,0.9205136535567031,0.9583444238691551,0,0
val,full_train_pool,f728de04267283f0b4daab9a840e7433b2c6034baf195fd526850439c9297687,/home/user/cellseg-robustness-diagnostic/data/raw/dsb2018/stage1_train/f728de04267283f0b4daab9a840e7433b2c6034baf195fd526850439c9297687/images/f728de04267283f0b4daab9a840e7433b2c6034baf195fd526850439c9297687.png,results/supervised/yolo_label_budget_diagnostic_train_runs/full_train_pool/weights/best.pt,0.5,0.25,512,33.876,54,54,44,10,10,0.8148148148148148,0.8148148148148148,0.8148148148148148,0.8252401547856141,0.9018559137283867,0,0
val,full_train_pool,f73e37957c74f554be132986f38b6f1d75339f636dfe2b681a0cf3f88d2733af,/home/user/cellseg-robustness-diagnostic/data/raw/dsb2018/stage1_train/f73e37957c74f554be132986f38b6f1d75339f636dfe2b681a0cf3f88d2733af/images/f73e37957c74f554be132986f38b6f1d75339f636dfe2b681a0cf3f88d2733af.png,results/supervised/yolo_label_budget_diagnostic_train_runs/full_train_pool/weights/best.pt,0.5,0.25,512,27.456,37,50,31,19,6,0.62,0.8378378378378378,0.7126436781609196,0.8153782128979976,0.8946245452052157,13,13
val,full_train_pool,f7e5dcfc9c93183c668c5a4ab028d5faad54fb54298711f2caae0508aa978300,/home/user/cellseg-robustness-diagnostic/data/raw/dsb2018/stage1_train/f7e5dcfc9c93183c668c5a4ab028d5faad54fb54298711f2caae0508aa978300/images/f7e5dcfc9c93183c668c5a4ab028d5faad54fb54298711f2caae0508aa978300.png,results/supervised/yolo_label_budget_diagnostic_train_runs/full_train_pool/weights/best.pt,0.5,0.25,512,25.344,26,26,23,3,3,0.8846153846153846,0.8846153846153846,0.8846153846153846,0.7863316719733189,0.8759633905500958,0,0
val,full_train_pool,f7eaaf420b5204c4a42577428b7cd897a53ef07b759ccbba3ed30a3548ca5605,/home/user/cellseg-robustness-diagnostic/data/raw/dsb2018/stage1_train/f7eaaf420b5204c4a42577428b7cd897a53ef07b759ccbba3ed30a3548ca5605/images/f7eaaf420b5204c4a42577428b7cd897a53ef07b759ccbba3ed30a3548ca5605.png,results/supervised/yolo_label_budget_diagnostic_train_runs/full_train_pool/weights/best.pt,0.5,0.25,512,22.426,11,13,11,2,0,0.8461538461538461,1.0,0.9166666666666666,0.8560542738445306,0.9220084197423728,2,2
val,full_train_pool,f81ca7ee25e733ff37240c34c8e3044d9937bb0166e315952ebde3f237ecb86f,/home/user/cellseg-robustness-diagnostic/data/raw/dsb2018/stage1_train/f81ca7ee25e733ff37240c34c8e3044d9937bb0166e315952ebde3f237ecb86f/images/f81ca7ee25e733ff37240c34c8e3044d9937bb0166e315952ebde3f237ecb86f.png,results/supervised/yolo_label_budget_diagnostic_train_runs/full_train_pool/weights/best.pt,0.5,0.25,512,22.286,20,19,17,2,3,0.8947368421052632,0.85,0.8717948717948718,0.8692116312635767,0.9288933456061806,-1,1
val,full_train_pool,f8e74d4006dd68c1dbe68df7be905835e00d8ba4916f3b18884509a15fdc0b55,/home/user/cellseg-robustness-diagnostic/data/raw/dsb2018/stage1_train/f8e74d4006dd68c1dbe68df7be905835e00d8ba4916f3b18884509a15fdc0b55/images/f8e74d4006dd68c1dbe68df7be905835e00d8ba4916f3b18884509a15fdc0b55.png,results/supervised/yolo_label_budget_diagnostic_train_runs/full_train_pool/weights/best.pt,0.5,0.25,512,25.685,57,52,36,16,21,0.6923076923076923,0.631578947368421,0.6605504587155963,0.8320331566403673,0.9075639005159878,-5,5
val,full_train_pool,f93ec5e683d81005ffc2a84a1c0299b2406ad14b764b824e013f7ca3a13833b5,/home/user/cellseg-robustness-diagnostic/data/raw/dsb2018/stage1_train/f93ec5e683d81005ffc2a84a1c0299b2406ad14b764b824e013f7ca3a13833b5/images/f93ec5e683d81005ffc2a84a1c0299b2406ad14b764b824e013f7ca3a13833b5.png,results/supervised/yolo_label_budget_diagnostic_train_runs/full_train_pool/weights/best.pt,0.5,0.25,512,24.585,32,32,31,1,1,0.96875,0.96875,0.96875,0.8609887035476785,0.9242444126992091,0,0
val,full_train_pool,f952cc65376009cfad8249e53b9b2c0daaa3553e897096337d143c625c2df886,/home/user/cellseg-robustness-diagnostic/data/raw/dsb2018/stage1_train/f952cc65376009cfad8249e53b9b2c0daaa3553e897096337d143c625c2df886/images/f952cc65376009cfad8249e53b9b2c0daaa3553e897096337d143c625c2df886.png,results/supervised/yolo_label_budget_diagnostic_train_runs/full_train_pool/weights/best.pt,0.5,0.25,512,43.202,151,179,135,44,16,0.7541899441340782,0.8940397350993378,0.8181818181818183,0.7092525623126827,0.8261777851042627,28,28
val,full_train_pool,f9ac03b0344ce8c48bc058448541f9211a1e5f4c94fdaf633dd534328d8610ab,/home/user/cellseg-robustness-diagnostic/data/raw/dsb2018/stage1_train/f9ac03b0344ce8c48bc058448541f9211a1e5f4c94fdaf633dd534328d8610ab/images/f9ac03b0344ce8c48bc058448541f9211a1e5f4c94fdaf633dd534328d8610ab.png,results/supervised/yolo_label_budget_diagnostic_train_runs/full_train_pool/weights/best.pt,0.5,0.25,512,26.37,20,24,20,4,0,0.8333333333333334,1.0,0.9090909090909091,0.8790588766309332,0.9351196081140978,4,4
val,full_train_pool,f9ea1a1159c33f39bbe5f18bb278d961188b40508277eab7c0b4b91219b37b5d,/home/user/cellseg-robustness-diagnostic/data/raw/dsb2018/stage1_train/f9ea1a1159c33f39bbe5f18bb278d961188b40508277eab7c0b4b91219b37b5d/images/f9ea1a1159c33f39bbe5f18bb278d961188b40508277eab7c0b4b91219b37b5d.png,results/supervised/yolo_label_budget_diagnostic_train_runs/full_train_pool/weights/best.pt,0.5,0.25,512,27.502,25,23,20,3,5,0.8695652173913043,0.8,0.8333333333333333,0.864535243311626,0.924508198543591,-2,2
val,full_train_pool,fa73f24532b3667718ede7ac5c2e24ad7d3cae17b0a42ed17bbb81b15c28f4ae,/home/user/cellseg-robustness-diagnostic/data/raw/dsb2018/stage1_train/fa73f24532b3667718ede7ac5c2e24ad7d3cae17b0a42ed17bbb81b15c28f4ae/images/fa73f24532b3667718ede7ac5c2e24ad7d3cae17b0a42ed17bbb81b15c28f4ae.png,results/supervised/yolo_label_budget_diagnostic_train_runs/full_train_pool/weights/best.pt,0.5,0.25,512,25.782,7,8,5,3,2,0.625,0.7142857142857143,0.6666666666666666,0.7742823966168176,0.8695254021340977,1,1
val,full_train_pool,fa751ff3a6332c95cb5cb1d28563553914295e9e7d35c4b6bd267241e8a0787c,/home/user/cellseg-robustness-diagnostic/data/raw/dsb2018/stage1_train/fa751ff3a6332c95cb5cb1d28563553914295e9e7d35c4b6bd267241e8a0787c/images/fa751ff3a6332c95cb5cb1d28563553914295e9e7d35c4b6bd267241e8a0787c.png,results/supervised/yolo_label_budget_diagnostic_train_runs/full_train_pool/weights/best.pt,0.5,0.25,512,26.636,43,44,43,1,0,0.9772727272727273,1.0,0.9885057471264368,0.8588213766787378,0.923510302714568,1,1
val,full_train_pool,fadeb0ab092833f27daaeb3e24223eb090f9536b83f68cde8f49df7c544f711b,/home/user/cellseg-robustness-diagnostic/data/raw/dsb2018/stage1_train/fadeb0ab092833f27daaeb3e24223eb090f9536b83f68cde8f49df7c544f711b/images/fadeb0ab092833f27daaeb3e24223eb090f9536b83f68cde8f49df7c544f711b.png,results/supervised/yolo_label_budget_diagnostic_train_runs/full_train_pool/weights/best.pt,0.5,0.25,512,26.922,39,43,39,4,0,0.9069767441860465,1.0,0.951219512195122,0.7718987942501984,0.8669905171739316,4,4
val,full_train_pool,fc22db33a2495f58f118bc182c0087e140df14ccb8dad51373e1a54381f683de,/home/user/cellseg-robustness-diagnostic/data/raw/dsb2018/stage1_train/fc22db33a2495f58f118bc182c0087e140df14ccb8dad51373e1a54381f683de/images/fc22db33a2495f58f118bc182c0087e140df14ccb8dad51373e1a54381f683de.png,results/supervised/yolo_label_budget_diagnostic_train_runs/full_train_pool/weights/best.pt,0.5,0.25,512,48.749,89,91,84,7,5,0.9230769230769231,0.9438202247191011,0.9333333333333335,0.8202741209645685,0.9002669159016874,2,2
val,full_train_pool,fc345dac2205deb169bd70197f07f053bada80b61ffa69fdfb490758323ead69,/home/user/cellseg-robustness-diagnostic/data/raw/dsb2018/stage1_train/fc345dac2205deb169bd70197f07f053bada80b61ffa69fdfb490758323ead69/images/fc345dac2205deb169bd70197f07f053bada80b61ffa69fdfb490758323ead69.png,results/supervised/yolo_label_budget_diagnostic_train_runs/full_train_pool/weights/best.pt,0.5,0.25,512,24.898,10,10,10,0,0,1.0,1.0,1.0,0.890645556377977,0.9419580353565443,0,0
val,full_train_pool,fc5452f612a0f972fe55cc677055ede662af6723b5c1615ad539b8a4bd279bdb,/home/user/cellseg-robustness-diagnostic/data/raw/dsb2018/stage1_train/fc5452f612a0f972fe55cc677055ede662af6723b5c1615ad539b8a4bd279bdb/images/fc5452f612a0f972fe55cc677055ede662af6723b5c1615ad539b8a4bd279bdb.png,results/supervised/yolo_label_budget_diagnostic_train_runs/full_train_pool/weights/best.pt,0.5,0.25,512,28.157,32,43,28,15,4,0.6511627906976745,0.875,0.7466666666666667,0.703003790760036,0.8219602880008686,11,11
val,full_train_pool,fc9269fb2e651cd4a32b65ae164f79b0a2ea823e0a83508c85d7985a6bed43cf,/home/user/cellseg-robustness-diagnostic/data/raw/dsb2018/stage1_train/fc9269fb2e651cd4a32b65ae164f79b0a2ea823e0a83508c85d7985a6bed43cf/images/fc9269fb2e651cd4a32b65ae164f79b0a2ea823e0a83508c85d7985a6bed43cf.png,results/supervised/yolo_label_budget_diagnostic_train_runs/full_train_pool/weights/best.pt,0.5,0.25,512,25.396,5,6,5,1,0,0.8333333333333334,1.0,0.9090909090909091,0.8316877195246801,0.9068800642885618,1,1
val,full_train_pool,fd8065bcb1afdbed19e028465d5d00cd2ecadc4558de05c6fa28bea3c817aa22,/home/user/cellseg-robustness-diagnostic/data/raw/dsb2018/stage1_train/fd8065bcb1afdbed19e028465d5d00cd2ecadc4558de05c6fa28bea3c817aa22/images/fd8065bcb1afdbed19e028465d5d00cd2ecadc4558de05c6fa28bea3c817aa22.png,results/supervised/yolo_label_budget_diagnostic_train_runs/full_train_pool/weights/best.pt,0.5,0.25,512,32.55,52,62,44,18,8,0.7096774193548387,0.8461538461538461,0.7719298245614036,0.721008047237583,0.8347020738757096,10,10
val,full_train_pool,fdda64c47361b0d1a146e5b7b48dc6b7de615ea80b31f01227a3b16469589528,/home/user/cellseg-robustness-diagnostic/data/raw/dsb2018/stage1_train/fdda64c47361b0d1a146e5b7b48dc6b7de615ea80b31f01227a3b16469589528/images/fdda64c47361b0d1a146e5b7b48dc6b7de615ea80b31f01227a3b16469589528.png,results/supervised/yolo_label_budget_diagnostic_train_runs/full_train_pool/weights/best.pt,0.5,0.25,512,28.951,30,41,26,15,4,0.6341463414634146,0.8666666666666667,0.7323943661971831,0.7619962238623033,0.8625207608886072,11,11
val,full_train_pool,fe80a2cf3c93dafad8c364fdd1646b0ba4db056cdb7bdb81474f957064812bba,/home/user/cellseg-robustness-diagnostic/data/raw/dsb2018/stage1_train/fe80a2cf3c93dafad8c364fdd1646b0ba4db056cdb7bdb81474f957064812bba/images/fe80a2cf3c93dafad8c364fdd1646b0ba4db056cdb7bdb81474f957064812bba.png,results/supervised/yolo_label_budget_diagnostic_train_runs/full_train_pool/weights/best.pt,0.5,0.25,512,30.369,11,12,11,1,0,0.9166666666666666,1.0,0.9565217391304348,0.8812474923153565,0.934585683512347,1,1
val,full_train_pool,fec226e45f49ab81ab71e0eaa1248ba09b56a328338dce93a43f4044eababed5,/home/user/cellseg-robustness-diagnostic/data/raw/dsb2018/stage1_train/fec226e45f49ab81ab71e0eaa1248ba09b56a328338dce93a43f4044eababed5/images/fec226e45f49ab81ab71e0eaa1248ba09b56a328338dce93a43f4044eababed5.png,results/supervised/yolo_label_budget_diagnostic_train_runs/full_train_pool/weights/best.pt,0.5,0.25,512,27.244,13,14,13,1,0,0.9285714285714286,1.0,0.962962962962963,0.8562046005761835,0.9211400201853774,1,1
val,full_train_pool,feffce59a1a3eb0a6a05992bb7423c39c7d52865846da36d89e2a72c379e5398,/home/user/cellseg-robustness-diagnostic/data/raw/dsb2018/stage1_train/feffce59a1a3eb0a6a05992bb7423c39c7d52865846da36d89e2a72c379e5398/images/feffce59a1a3eb0a6a05992bb7423c39c7d52865846da36d89e2a72c379e5398.png,results/supervised/yolo_label_budget_diagnostic_train_runs/full_train_pool/weights/best.pt,0.5,0.25,512,30.197,38,48,34,14,4,0.7083333333333334,0.8947368421052632,0.7906976744186046,0.7611770464196039,0.8601618487942574,10,10
val,full_train_pool,ff3407842ada5bc18be79ae453e5bdaa1b68afc842fc22fa618ac6e6599d0bb3,/home/user/cellseg-robustness-diagnostic/data/raw/dsb2018/stage1_train/ff3407842ada5bc18be79ae453e5bdaa1b68afc842fc22fa618ac6e6599d0bb3/images/ff3407842ada5bc18be79ae453e5bdaa1b68afc842fc22fa618ac6e6599d0bb3.png,results/supervised/yolo_label_budget_diagnostic_train_runs/full_train_pool/weights/best.pt,0.5,0.25,512,32.33,19,18,18,0,1,1.0,0.9473684210526315,0.972972972972973,0.9079563969318792,0.9512525970826368,-1,1
val,full_train_pool,ff3e512b5fb860e5855d0c05b6cf5a6bcc7792e4be1f0bdab5a00af0e18435c0,/home/user/cellseg-robustness-diagnostic/data/raw/dsb2018/stage1_train/ff3e512b5fb860e5855d0c05b6cf5a6bcc7792e4be1f0bdab5a00af0e18435c0/images/ff3e512b5fb860e5855d0c05b6cf5a6bcc7792e4be1f0bdab5a00af0e18435c0.png,results/supervised/yolo_label_budget_diagnostic_train_runs/full_train_pool/weights/best.pt,0.5,0.25,512,27.067,13,14,11,3,2,0.7857142857142857,0.8461538461538461,0.8148148148148148,0.8148244658858846,0.8941784806078378,1,1
val,full_train_pool,ff599c7301daa1f783924ac8cbe3ce7b42878f15a39c2d19659189951f540f48,/home/user/cellseg-robustness-diagnostic/data/raw/dsb2018/stage1_train/ff599c7301daa1f783924ac8cbe3ce7b42878f15a39c2d19659189951f540f48/images/ff599c7301daa1f783924ac8cbe3ce7b42878f15a39c2d19659189951f540f48.png,results/supervised/yolo_label_budget_diagnostic_train_runs/full_train_pool/weights/best.pt,0.5,0.25,512,29.495,24,24,23,1,1,0.9583333333333334,0.9583333333333334,0.9583333333333334,0.9038436995422926,0.9490351202418885,0,0
